,price,year,location,location_num
0,35200,平成31年1月1日,"和歌山県橋本市古佐田３丁目５４４番３　


							",8.0
1,34500,平成31年1月1日,"和歌山県橋本市紀見ケ丘３丁目２２３番１３７　


							",8.0
2,29800,平成31年1月1日,"和歌山県橋本市隅田町河瀬字曽根２５５番　


							",8.0
3,23200,平成31年1月1日,"和歌山県橋本市高野口町伏原字角門９６４番１　


							",8.0
4,30100,平成31年1月1日,"和歌山県橋本市高野口町向島字上嶋６番１２　


							",8.0
5,107000,平成31年1月1日,"和歌山県田辺市南新万１１２５番６４　


							",6.0
6,30100,平成31年1月1日,"和歌山県田辺市古尾２４番１０　


							",6.0
7,68500,平成31年1月1日,"和歌山県田辺市神島台２９１５番２０３　


							",6.0
8,43800,平成31年1月1日,"和歌山県田辺市磯間１８３番２３　


							",6.0
9,29900,平成31年1月1日,"和歌山県紀の川市打田字鳥池１２９２番１３　


							",10.0
10,21000,平成31年1月1日,"和歌山県紀の川市北大井字一ノ戸３９７番２外　


							",10.0
11,23200,平成31年1月1日,"和歌山県紀の川市粉河字彌谷４８０１番１４　


							",10.0
12,24300,平成31年1月1日,"和歌山県紀の川市貴志川町長原字城山４４４番３４　


							",10.0
13,22100,平成31年1月1日,"和歌山県紀の川市井田字上嶋６０番３０　


							",10.0
14,14900,平成31年1月1日,"和歌山県紀の川市江川中字高井５０５番１　


							",10.0
15,23700,平成31年1月1日,"和歌山県紀の川市桃山町市場字安ラ賀１８９番１４　


							",10.0
16,22200,平成31年1月1日,"和歌山県紀の川市貴志川町井ノ口字帆布６２５番５　


							",10.0
17,46400,平成31年1月1日,"和歌山県岩出市高瀬字村北１６番２７　


							",11.0
18,25300,平成31年1月1日,"和歌山県岩出市根来字家廻り１２３２番　


							",11.0
19,34000,平成31年1月1日,"和歌山県伊都郡かつらぎ町大字丁ノ町字外島２５２９番１６　


							",9.0
20,19200,平成31年1月1日,"和歌山県伊都郡かつらぎ町大字東渋田字宮ノ本３３５番４　


							",9.0
21,23400,平成31年1月1日,"和歌山県伊都郡九度山町大字九度山字桃園１３６５番３　


							",5.0
22,21400,平成31年1月1日,"和歌山県伊都郡九度山町大字慈尊院字堂ノ壇１１４番５外　


							",5.0
23,28400,平成31年1月1日,"和歌山県伊都郡高野町大字高野山字西院谷２５７番３　


							",7.0
24,18600,平成31年1月1日,"和歌山県伊都郡高野町大字高野山字奥ノ院４９番１００　


							",7.0
25,46600,平成31年1月1日,"和歌山県有田郡有田川町大字下津野字總中１０８７番３　


							",1.0
26,25000,平成31年1月1日,"和歌山県有田郡有田川町大字角字早田２２０番　


							",1.0
27,34500,平成31年1月1日,"和歌山県西牟婁郡上富田町朝来字沖之芝７９３番１　


							",3.0
28,32700,平成31年1月1日,"和歌山県西牟婁郡上富田町南紀の台１８０５番４９０　


							",3.0
29,35800,平成30年1月1日,"和歌山県橋本市古佐田３丁目５４４番３　


							",8.0
30,34800,平成30年1月1日,"和歌山県橋本市紀見ケ丘３丁目２２３番１３７　


							",8.0
31,30400,平成30年1月1日,"和歌山県橋本市隅田町河瀬字曽根２５５番　


							",8.0
32,23800,平成30年1月1日,"和歌山県橋本市高野口町伏原字角門９６４番１　


							",8.0
33,30400,平成30年1月1日,"和歌山県橋本市高野口町向島字上嶋６番１２　


							",8.0
34,106000,平成30年1月1日,"和歌山県田辺市南新万１１２５番６４　


							",6.0
35,30700,平成30年1月1日,"和歌山県田辺市古尾２４番１０　


							",6.0
36,67000,平成30年1月1日,"和歌山県田辺市神島台２９１５番２０３　


							",6.0
37,44500,平成30年1月1日,"和歌山県田辺市磯間１８３番２３　


							",6.0
38,30400,平成30年1月1日,"和歌山県紀の川市打田字鳥池１２９２番１３　


							",10.0
39,21300,平成30年1月1日,"和歌山県紀の川市北大井字一ノ戸３９７番２外　


							",10.0
40,24100,平成30年1月1日,"和歌山県紀の川市粉河字彌谷４８０１番１４　


							",10.0
41,24800,平成30年1月1日,"和歌山県紀の川市貴志川町長原字城山４４４番３４　


							",10.0
42,22500,平成30年1月1日,"和歌山県紀の川市井田字上嶋６０番３０　


							",10.0
43,15100,平成30年1月1日,"和歌山県紀の川市江川中字高井５０５番１　


							",10.0
44,24200,平成30年1月1日,"和歌山県紀の川市桃山町市場字安ラ賀１８９番１４　


							",10.0
45,22400,平成30年1月1日,"和歌山県紀の川市貴志川町井ノ口字帆布６２５番５　


							",10.0
46,46600,平成30年1月1日,"和歌山県岩出市高瀬字村北１６番２７　


							",11.0
47,25800,平成30年1月1日,"和歌山県岩出市根来字家廻り１２３２番　


							",11.0
48,34600,平成30年1月1日,"和歌山県伊都郡かつらぎ町大字丁ノ町字外島２５２９番１６　


							",9.0
49,19600,平成30年1月1日,"和歌山県伊都郡かつらぎ町大字東渋田字宮ノ本３３５番４　


							",9.0
50,23800,平成30年1月1日,"和歌山県伊都郡九度山町大字九度山字桃園１３６５番３　


							",5.0
51,21600,平成30年1月1日,"和歌山県伊都郡九度山町大字慈尊院字堂ノ壇１１４番５外　


							",5.0
52,27700,平成30年1月1日,"和歌山県伊都郡高野町大字高野山字西院谷２６２番１０　


							",7.0
53,19000,平成30年1月1日,"和歌山県伊都郡高野町大字高野山字奥ノ院４９番１００　


							",7.0
54,46700,平成30年1月1日,"和歌山県有田郡有田川町大字下津野字總中１０８７番３　


							",1.0
55,25800,平成30年1月1日,"和歌山県有田郡有田川町大字角字早田２２０番　


							",1.0
56,34600,平成30年1月1日,"和歌山県西牟婁郡上富田町朝来字沖之芝７９３番１　


							",3.0
57,31900,平成30年1月1日,"和歌山県西牟婁郡上富田町南紀の台１８０５番４９０　


							",3.0
58,36600,平成29年1月1日,"和歌山県橋本市古佐田３丁目５４４番３　


							",8.0
59,35100,平成29年1月1日,"和歌山県橋本市紀見ケ丘３丁目２２３番１３７　


							",8.0
60,31100,平成29年1月1日,"和歌山県橋本市隅田町河瀬字曽根２５５番　


							",8.0
61,24300,平成29年1月1日,"和歌山県橋本市高野口町伏原字角門９６４番１　


							",8.0
62,30700,平成29年1月1日,"和歌山県橋本市高野口町向島字上嶋６番１２　


							",8.0
63,105000,平成29年1月1日,"和歌山県田辺市南新万１１２５番６４　


							",6.0
64,31400,平成29年1月1日,"和歌山県田辺市古尾２４番１０　


							",6.0
65,65400,平成29年1月1日,"和歌山県田辺市神島台２９１５番２０３　


							",6.0
66,45300,平成29年1月1日,"和歌山県田辺市磯間１８３番２３　


							",6.0
67,30900,平成29年1月1日,"和歌山県紀の川市打田字鳥池１２９２番１３　


							",10.0
68,21600,平成29年1月1日,"和歌山県紀の川市北大井字一ノ戸３９７番２外　


							",10.0
69,25100,平成29年1月1日,"和歌山県紀の川市粉河字彌谷４８０１番１４　


							",10.0
70,25300,平成29年1月1日,"和歌山県紀の川市貴志川町長原字城山４４４番３４　


							",10.0
71,23000,平成29年1月1日,"和歌山県紀の川市井田字上嶋６０番３０　


							",10.0
72,15400,平成29年1月1日,"和歌山県紀の川市江川中字高井５０５番１　


							",10.0
73,24800,平成29年1月1日,"和歌山県紀の川市桃山町市場字安ラ賀１８９番１４　


							",10.0
74,22600,平成29年1月1日,"和歌山県紀の川市貴志川町井ノ口字帆布６２５番５　


							",10.0
75,47000,平成29年1月1日,"和歌山県岩出市高瀬字村北１６番２７　


							",11.0
76,26400,平成29年1月1日,"和歌山県岩出市根来字家廻り１２３２番　


							",11.0
77,35300,平成29年1月1日,"和歌山県伊都郡かつらぎ町大字丁ノ町字外島２５２９番１６　


							",9.0
78,20000,平成29年1月1日,"和歌山県伊都郡かつらぎ町大字東渋田字宮ノ本３３５番４　


							",9.0
79,24400,平成29年1月1日,"和歌山県伊都郡九度山町大字九度山字桃園１３６５番３　


							",5.0
80,22000,平成29年1月1日,"和歌山県伊都郡九度山町大字慈尊院字堂ノ壇１１４番５外　


							",5.0
81,28400,平成29年1月1日,"和歌山県伊都郡高野町大字高野山字西院谷２６２番１０　


							",7.0
82,19400,平成29年1月1日,"和歌山県伊都郡高野町大字高野山字奥ノ院４９番１００　


							",7.0
83,46800,平成29年1月1日,"和歌山県有田郡有田川町大字下津野字總中１０８７番３　


							",1.0
84,26600,平成29年1月1日,"和歌山県有田郡有田川町大字角字早田２２０番　


							",1.0
85,34700,平成29年1月1日,"和歌山県西牟婁郡上富田町朝来字沖之芝７９３番１　


							",3.0
86,31100,平成29年1月1日,"和歌山県西牟婁郡上富田町南紀の台１８０５番４９０　


							",3.0
87,37400,平成28年1月1日,"和歌山県橋本市古佐田３丁目５４４番３　


							",8.0
88,35400,平成28年1月1日,"和歌山県橋本市紀見ケ丘３丁目２２３番１３７　


							",8.0
89,31900,平成28年1月1日,"和歌山県橋本市隅田町河瀬字曽根２５５番　


							",8.0
90,24900,平成28年1月1日,"和歌山県橋本市高野口町伏原字角門９６４番１　


							",8.0
91,31200,平成28年1月1日,"和歌山県橋本市高野口町向島字上嶋６番１２　


							",8.0
92,100000,平成28年1月1日,"和歌山県田辺市南新万１１２５番６４　


							",6.0
93,32400,平成28年1月1日,"和歌山県田辺市古尾２４番１０　


							",6.0
94,63200,平成28年1月1日,"和歌山県田辺市神島台２９１５番２０３　


							",6.0
95,46500,平成28年1月1日,"和歌山県田辺市磯間１８３番２３　


							",6.0
96,31400,平成28年1月1日,"和歌山県紀の川市打田字鳥池１２９２番６外　


							",10.0
97,21900,平成28年1月1日,"和歌山県紀の川市北大井字一ノ戸３９７番２外　


							",10.0
98,26200,平成28年1月1日,"和歌山県紀の川市粉河字彌谷４８０１番１４　


							",10.0
99,25900,平成28年1月1日,"和歌山県紀の川市貴志川町長原字城山４４４番３４　


							",10.0
100,23600,平成28年1月1日,"和歌山県紀の川市井田字上嶋６０番３０　


							",10.0
101,15800,平成28年1月1日,"和歌山県紀の川市江川中字高井５０５番１　


							",10.0
102,25400,平成28年1月1日,"和歌山県紀の川市桃山町市場字安ラ賀１８９番１４　


							",10.0
103,23200,平成28年1月1日,"和歌山県紀の川市貴志川町井ノ口字帆布６２５番５　


							",10.0
104,47000,平成28年1月1日,"和歌山県岩出市高瀬字村北１６番２７　


							",11.0
105,27100,平成28年1月1日,"和歌山県岩出市根来字家廻り１２３２番　


							",11.0
106,36100,平成28年1月1日,"和歌山県伊都郡かつらぎ町大字丁ノ町字外島２５２９番１６　


							",9.0
107,20500,平成28年1月1日,"和歌山県伊都郡かつらぎ町大字東渋田字宮ノ本３３５番４　


							",9.0
108,25000,平成28年1月1日,"和歌山県伊都郡九度山町大字九度山字桃園１３６５番３　


							",5.0
109,22500,平成28年1月1日,"和歌山県伊都郡九度山町大字慈尊院字堂ノ壇１１４番５外　


							",5.0
110,29200,平成28年1月1日,"和歌山県伊都郡高野町大字高野山字西院谷２６２番１０　


							",7.0
111,19900,平成28年1月1日,"和歌山県伊都郡高野町大字高野山字奥ノ院４９番１００　


							",7.0
112,46800,平成28年1月1日,"和歌山県有田郡有田川町大字下津野字總中１０８７番３　


							",1.0
113,27600,平成28年1月1日,"和歌山県有田郡有田川町大字角字早田２２０番　


							",1.0
114,34800,平成28年1月1日,"和歌山県西牟婁郡上富田町朝来字沖之芝７９３番１　


							",3.0
115,30400,平成28年1月1日,"和歌山県西牟婁郡上富田町南紀の台１８０５番４９０　


							",3.0
116,38500,平成27年1月1日,"和歌山県橋本市古佐田３丁目５４４番３　


							",8.0
117,35800,平成27年1月1日,"和歌山県橋本市紀見ケ丘３丁目２２３番１３７　


							",8.0
118,32800,平成27年1月1日,"和歌山県橋本市隅田町河瀬字曽根２５５番　


							",8.0
119,25600,平成27年1月1日,"和歌山県橋本市高野口町伏原字角門９６４番１　


							",8.0
120,31800,平成27年1月1日,"和歌山県橋本市高野口町向島字上嶋６番１２　


							",8.0
121,92000,平成27年1月1日,"和歌山県田辺市南新万１１２５番６４　


							",6.0
122,33600,平成27年1月1日,"和歌山県田辺市古尾２４番１０　


							",6.0
123,61000,平成27年1月1日,"和歌山県田辺市神島台２９１５番２０３　


							",6.0
124,47900,平成27年1月1日,"和歌山県田辺市磯間１８３番２３　


							",6.0
125,32000,平成27年1月1日,"和歌山県紀の川市打田字鳥池１２９２番６外　


							",10.0
126,22300,平成27年1月1日,"和歌山県紀の川市北大井字一ノ戸３９７番２外　


							",10.0
127,27400,平成27年1月1日,"和歌山県紀の川市粉河字彌谷４８０１番１４　


							",10.0
128,26600,平成27年1月1日,"和歌山県紀の川市貴志川町長原字城山４４４番３４　


							",10.0
129,24200,平成27年1月1日,"和歌山県紀の川市井田字上嶋６０番３０　


							",10.0
130,16300,平成27年1月1日,"和歌山県紀の川市江川中字高井５０５番１　


							",10.0
131,26200,平成27年1月1日,"和歌山県紀の川市桃山町市場字安ラ賀１８９番１４　


							",10.0
132,23900,平成27年1月1日,"和歌山県紀の川市貴志川町井ノ口字帆布６２５番５　


							",10.0
133,47000,平成27年1月1日,"和歌山県岩出市高瀬字村北１６番２７　


							",11.0
134,27900,平成27年1月1日,"和歌山県岩出市根来字家廻り１２３２番　


							",11.0
135,36900,平成27年1月1日,"和歌山県伊都郡かつらぎ町大字丁ノ町字外島２５２９番１６　


							",9.0
136,21000,平成27年1月1日,"和歌山県伊都郡かつらぎ町大字東渋田字宮ノ本３３５番４　


							",9.0
137,25700,平成27年1月1日,"和歌山県伊都郡九度山町大字九度山字桃園１３６５番３　


							",5.0
138,23000,平成27年1月1日,"和歌山県伊都郡九度山町大字慈尊院字堂ノ壇１１４番５外　


							",5.0
139,30000,平成27年1月1日,"和歌山県伊都郡高野町大字高野山字西院谷２６２番１０　


							",7.0
140,20400,平成27年1月1日,"和歌山県伊都郡高野町大字高野山字奥ノ院４９番１００　


							",7.0
141,46700,平成27年1月1日,"和歌山県有田郡有田川町大字下津野字總中１０８７番３　


							",1.0
142,28700,平成27年1月1日,"和歌山県有田郡有田川町大字角字早田２２０番　


							",1.0
143,35000,平成27年1月1日,"和歌山県西牟婁郡上富田町朝来字沖之芝７９３番１　


							",3.0
144,29700,平成27年1月1日,"和歌山県西牟婁郡上富田町南紀の台１８０５番４９０　


							",3.0
145,39900,平成26年1月1日,"和歌山県橋本市古佐田３丁目５４４番３　


							",8.0
146,36500,平成26年1月1日,"和歌山県橋本市紀見ケ丘３丁目２２３番１３７　


							",8.0
147,34000,平成26年1月1日,"和歌山県橋本市隅田町河瀬字曽根２５５番　


							",8.0
148,26500,平成26年1月1日,"和歌山県橋本市高野口町伏原字角門９６４番１　


							",8.0
149,32400,平成26年1月1日,"和歌山県橋本市高野口町向島字上嶋６番１２　


							",8.0
150,83800,平成26年1月1日,"和歌山県田辺市南新万１１２５番６４　


							",6.0
151,35100,平成26年1月1日,"和歌山県田辺市古尾２４番１０　


							",6.0
152,57400,平成26年1月1日,"和歌山県田辺市神島台２９１５番２０３　


							",6.0
153,50000,平成26年1月1日,"和歌山県田辺市磯間１８３番２３　


							",6.0
154,33000,平成26年1月1日,"和歌山県紀の川市打田字鳥池１２９２番６外　


							",10.0
155,22600,平成26年1月1日,"和歌山県紀の川市北大井字一ノ戸３９７番２外　


							",10.0
156,28800,平成26年1月1日,"和歌山県紀の川市粉河字彌谷４８０１番１４　


							",10.0
157,27500,平成26年1月1日,"和歌山県紀の川市貴志川町長原字城山４４４番３４　


							",10.0
158,24900,平成26年1月1日,"和歌山県紀の川市井田字上嶋６０番３０　


							",10.0
159,16800,平成26年1月1日,"和歌山県紀の川市江川中字高井５０５番１　


							",10.0
160,27300,平成26年1月1日,"和歌山県紀の川市桃山町市場字安ラ賀１８９番１４　


							",10.0
161,24700,平成26年1月1日,"和歌山県紀の川市貴志川町井ノ口字帆布６２５番５　


							",10.0
162,45700,平成26年1月1日,"和歌山県岩出市高瀬字村北１６番２７　


							",11.0
163,28000,平成26年1月1日,"和歌山県岩出市根来字家廻り１２３２番　


							",11.0
164,37800,平成26年1月1日,"和歌山県伊都郡かつらぎ町大字丁ノ町字外島２５２９番１６　


							",9.0
165,21600,平成26年1月1日,"和歌山県伊都郡かつらぎ町大字東渋田字宮ノ本３３５番４　


							",9.0
166,26700,平成26年1月1日,"和歌山県伊都郡九度山町大字九度山字桃園１３６５番３　


							",5.0
167,23600,平成26年1月1日,"和歌山県伊都郡九度山町大字慈尊院字堂ノ壇１１４番５外　


							",5.0
168,29700,平成26年1月1日,"和歌山県伊都郡高野町大字高野山字南谷７９番４外　


							",7.0
169,21200,平成26年1月1日,"和歌山県伊都郡高野町大字高野山字奥ノ院４９番１００　


							",7.0
170,46700,平成26年1月1日,"和歌山県有田郡有田川町大字下津野字總中１０８７番３　


							",1.0
171,29800,平成26年1月1日,"和歌山県有田郡有田川町大字角字早田２２０番　


							",1.0
172,35600,平成26年1月1日,"和歌山県西牟婁郡上富田町朝来字沖之芝７９３番１　


							",3.0
173,28700,平成26年1月1日,"和歌山県西牟婁郡上富田町南紀の台１８０５番４９０　


							",3.0
174,42800,平成25年1月1日,"和歌山県橋本市古佐田３丁目５４４番３　


							",8.0
175,37900,平成25年1月1日,"和歌山県橋本市紀見ケ丘３丁目２２３番１３７　


							",8.0
176,35700,平成25年1月1日,"和歌山県橋本市隅田町河瀬字曽根２５５番　


							",8.0
177,27400,平成25年1月1日,"和歌山県橋本市高野口町伏原字角門９６４番１　


							",8.0
178,33200,平成25年1月1日,"和歌山県橋本市高野口町向島字上嶋６番１２　


							",8.0
179,80100,平成25年1月1日,"和歌山県田辺市南新万１１２５番６４　


							",6.0
180,37000,平成25年1月1日,"和歌山県田辺市古尾２４番１０　


							",6.0
181,57400,平成25年1月1日,"和歌山県田辺市神島台２９１５番２０３　


							",6.0
182,52600,平成25年1月1日,"和歌山県田辺市磯間１８３番２３　


							",6.0
183,30200,平成25年1月1日,"和歌山県田辺市上秋津字岩内７２０番３　


							",6.0
184,34400,平成25年1月1日,"和歌山県紀の川市打田字鳥池１２９２番６外　


							",10.0
185,23300,平成25年1月1日,"和歌山県紀の川市北大井字一ノ戸３９７番２外　


							",10.0
186,30400,平成25年1月1日,"和歌山県紀の川市粉河字彌谷４８０１番１４　


							",10.0
187,29000,平成25年1月1日,"和歌山県紀の川市貴志川町長原字城山４４４番３４　


							",10.0
188,26200,平成25年1月1日,"和歌山県紀の川市井田字上嶋６０番３０　


							",10.0
189,17300,平成25年1月1日,"和歌山県紀の川市江川中字高井５０５番１　


							",10.0
190,28800,平成25年1月1日,"和歌山県紀の川市桃山町市場字安ラ賀１８９番１４　


							",10.0
191,26000,平成25年1月1日,"和歌山県紀の川市貴志川町井ノ口字帆布６２５番５　


							",10.0
192,45700,平成25年1月1日,"和歌山県岩出市高瀬字村北１６番２７　


							",11.0
193,28300,平成25年1月1日,"和歌山県岩出市根来字家廻り１２３２番　


							",11.0
194,38900,平成25年1月1日,"和歌山県伊都郡かつらぎ町大字丁ノ町字外島２５２９番１６　


							",9.0
195,22200,平成25年1月1日,"和歌山県伊都郡かつらぎ町大字東渋田字宮ノ本３３５番４　


							",9.0
196,27700,平成25年1月1日,"和歌山県伊都郡九度山町大字九度山字桃園１３６５番３　


							",5.0
197,24300,平成25年1月1日,"和歌山県伊都郡九度山町大字慈尊院字堂ノ壇１１４番５外　


							",5.0
198,32600,平成25年1月1日,"和歌山県伊都郡高野町大字高野山字南谷３０９番　


							",7.0
199,22100,平成25年1月1日,"和歌山県伊都郡高野町大字高野山字奥ノ院４９番１００　


							",7.0
200,46400,平成25年1月1日,"和歌山県有田郡有田川町大字下津野字總中１０８７番３　


							",1.0
201,31600,平成25年1月1日,"和歌山県有田郡有田川町大字角字早田２２０番　


							",1.0
202,36200,平成25年1月1日,"和歌山県西牟婁郡上富田町朝来字沖之芝７９３番１　


							",3.0
203,28700,平成25年1月1日,"和歌山県西牟婁郡上富田町南紀の台１８０５番４９０　


							",3.0
204,45500,平成24年1月1日,"和歌山県橋本市古佐田３丁目５４４番３　


							",8.0
205,39000,平成24年1月1日,"和歌山県橋本市紀見ケ丘３丁目２２３番１３７　


							",8.0
206,37900,平成24年1月1日,"和歌山県橋本市隅田町河瀬字曽根２５５番　


							",8.0
207,28300,平成24年1月1日,"和歌山県橋本市高野口町伏原字角門９６４番１　


							",8.0
208,34400,平成24年1月1日,"和歌山県橋本市高野口町向島字上嶋６番１２　


							",8.0
209,78000,平成24年1月1日,"和歌山県田辺市南新万１１２５番６４　


							",6.0
210,39700,平成24年1月1日,"和歌山県田辺市古尾２４番１０　


							",6.0
211,58600,平成24年1月1日,"和歌山県田辺市神島台２９１５番２０３　


							",6.0
212,55400,平成24年1月1日,"和歌山県田辺市磯間１８３番２３　


							",6.0
213,31500,平成24年1月1日,"和歌山県田辺市上秋津字岩内７２０番３　


							",6.0
214,36700,平成24年1月1日,"和歌山県紀の川市打田字鳥池１２９２番６外　


							",10.0
215,24600,平成24年1月1日,"和歌山県紀の川市北大井字一ノ戸３９７番２外　


							",10.0
216,33200,平成24年1月1日,"和歌山県紀の川市粉河字彌谷４８０１番１４　


							",10.0
217,31400,平成24年1月1日,"和歌山県紀の川市貴志川町長原字城山４４４番３４　


							",10.0
218,27800,平成24年1月1日,"和歌山県紀の川市井田字上嶋６０番３０　


							",10.0
219,18000,平成24年1月1日,"和歌山県紀の川市江川中字高井５０５番１　


							",10.0
220,30900,平成24年1月1日,"和歌山県紀の川市桃山町市場字安ラ賀１８９番１４　


							",10.0
221,27800,平成24年1月1日,"和歌山県紀の川市貴志川町井ノ口字帆布６２５番５　


							",10.0
222,46500,平成24年1月1日,"和歌山県岩出市高瀬字村北１６番２７　


							",11.0
223,29100,平成24年1月1日,"和歌山県岩出市根来字家廻り１２３２番　


							",11.0
224,40000,平成24年1月1日,"和歌山県伊都郡かつらぎ町大字丁ノ町字外島２５２９番１６　


							",9.0
225,22800,平成24年1月1日,"和歌山県伊都郡かつらぎ町大字東渋田字宮ノ本３３５番４　


							",9.0
226,28300,平成24年1月1日,"和歌山県伊都郡九度山町大字九度山字桃園１３６５番３　


							",5.0
227,24900,平成24年1月1日,"和歌山県伊都郡九度山町大字慈尊院字堂ノ壇１１４番５外　


							",5.0
228,35700,平成24年1月1日,"和歌山県伊都郡高野町大字高野山字南谷３０９番　


							",7.0
229,22800,平成24年1月1日,"和歌山県伊都郡高野町大字高野山字奥ノ院４９番１００　


							",7.0
230,37600,平成24年1月1日,"和歌山県有田郡有田川町大字徳田字北垣内２２９番２　


							",1.0
231,33500,平成24年1月1日,"和歌山県有田郡有田川町大字角字早田２２０番　


							",1.0
232,37000,平成24年1月1日,"和歌山県西牟婁郡上富田町朝来字沖之芝７９３番１　


							",3.0
233,29500,平成24年1月1日,"和歌山県西牟婁郡上富田町南紀の台１８０５番４９０　


							",3.0
234,47000,平成23年1月1日,"和歌山県橋本市古佐田３丁目５４４番３　


							",8.0
235,40400,平成23年1月1日,"和歌山県橋本市紀見ケ丘３丁目２２３番１３７　


							",8.0
236,39500,平成23年1月1日,"和歌山県橋本市隅田町河瀬字曽根２５５番　


							",8.0
237,29200,平成23年1月1日,"和歌山県橋本市高野口町伏原字角門９６４番１　


							",8.0
238,35700,平成23年1月1日,"和歌山県橋本市高野口町向島字上嶋６番１２　


							",8.0
239,80000,平成23年1月1日,"和歌山県田辺市南新万１１２５番６４　


							",6.0
240,41700,平成23年1月1日,"和歌山県田辺市古尾２４番１０　


							",6.0
241,60500,平成23年1月1日,"和歌山県田辺市神島台２９１５番２０３　


							",6.0
242,60900,平成23年1月1日,"和歌山県田辺市磯間１８３番２３　


							",6.0
243,32800,平成23年1月1日,"和歌山県田辺市上秋津字岩内７２０番３　


							",6.0
244,39200,平成23年1月1日,"和歌山県紀の川市打田字鳥池１２９２番６外　


							",10.0
245,25900,平成23年1月1日,"和歌山県紀の川市北大井字一ノ戸３９７番２外　


							",10.0
246,35300,平成23年1月1日,"和歌山県紀の川市粉河字彌谷４８０１番１４　


							",10.0
247,33400,平成23年1月1日,"和歌山県紀の川市貴志川町長原字城山４４４番３４　


							",10.0
248,29300,平成23年1月1日,"和歌山県紀の川市井田字上嶋６０番３０　


							",10.0
249,18900,平成23年1月1日,"和歌山県紀の川市江川中字高井５０５番１　


							",10.0
250,32500,平成23年1月1日,"和歌山県紀の川市桃山町市場字安ラ賀１８９番１４　


							",10.0
251,29200,平成23年1月1日,"和歌山県紀の川市貴志川町井ノ口字帆布６２５番５　


							",10.0
252,47700,平成23年1月1日,"和歌山県岩出市高瀬字村北１６番２７　


							",11.0
253,30000,平成23年1月1日,"和歌山県岩出市根来字家廻り１２３２番　


							",11.0
254,41200,平成23年1月1日,"和歌山県伊都郡かつらぎ町大字丁ノ町字外島２５２９番１６　


							",9.0
255,24100,平成23年1月1日,"和歌山県伊都郡かつらぎ町大字東渋田字宮ノ本３３５番４　


							",9.0
256,29100,平成23年1月1日,"和歌山県伊都郡九度山町大字九度山字桃園１３６５番３　


							",5.0
257,25500,平成23年1月1日,"和歌山県伊都郡九度山町大字慈尊院字堂ノ壇１１４番５外　


							",5.0
258,37800,平成23年1月1日,"和歌山県伊都郡高野町大字高野山字南谷３０９番　


							",7.0
259,23100,平成23年1月1日,"和歌山県伊都郡高野町大字高野山字奥ノ院４９番１００　


							",7.0
260,40000,平成23年1月1日,"和歌山県有田郡有田川町大字徳田字北垣内２２９番２　


							",1.0
261,35400,平成23年1月1日,"和歌山県有田郡有田川町大字角字早田２２０番　


							",1.0
262,38500,平成23年1月1日,"和歌山県西牟婁郡上富田町朝来字沖之芝７９３番１　


							",3.0
263,31500,平成23年1月1日,"和歌山県西牟婁郡上富田町南紀の台１８０５番４９０　


							",3.0
264,49000,平成22年1月1日,"和歌山県橋本市古佐田３丁目５４４番３　


							",8.0
265,42500,平成22年1月1日,"和歌山県橋本市紀見ケ丘３丁目２２３番１３７　


							",8.0
266,41700,平成22年1月1日,"和歌山県橋本市隅田町河瀬字曽根２５５番　


							",8.0
267,30600,平成22年1月1日,"和歌山県橋本市高野口町伏原字角門９６４番１　


							",8.0
268,37500,平成22年1月1日,"和歌山県橋本市高野口町向島字上嶋６番１２　


							",8.0
269,84000,平成22年1月1日,"和歌山県田辺市南新万１１２５番６４　


							",6.0
270,44900,平成22年1月1日,"和歌山県田辺市古尾２４番１０　


							",6.0
271,63400,平成22年1月1日,"和歌山県田辺市神島台２９１５番２０３　


							",6.0
272,64000,平成22年1月1日,"和歌山県田辺市磯間１８３番２３　


							",6.0
273,34300,平成22年1月1日,"和歌山県田辺市上秋津字岩内７２０番３　


							",6.0
274,42000,平成22年1月1日,"和歌山県紀の川市打田字鳥池１２９２番６外　


							",10.0
275,27200,平成22年1月1日,"和歌山県紀の川市北大井字一ノ戸３９７番２外　


							",10.0
276,37600,平成22年1月1日,"和歌山県紀の川市粉河字彌谷４８０１番１４　


							",10.0
277,35600,平成22年1月1日,"和歌山県紀の川市貴志川町長原字城山４４４番３４　


							",10.0
278,30800,平成22年1月1日,"和歌山県紀の川市井田字上嶋６０番３０　


							",10.0
279,20000,平成22年1月1日,"和歌山県紀の川市江川中字高井５０５番１　


							",10.0
280,34600,平成22年1月1日,"和歌山県紀の川市桃山町市場字安ラ賀１８９番１４　


							",10.0
281,31100,平成22年1月1日,"和歌山県紀の川市貴志川町井ノ口字帆布６２５番５　


							",10.0
282,48900,平成22年1月1日,"和歌山県岩出市高瀬字村北１６番２７　


							",11.0
283,31200,平成22年1月1日,"和歌山県岩出市根来字家廻り１２３２番　


							",11.0
284,43700,平成22年1月1日,"和歌山県伊都郡かつらぎ町大字丁ノ町字外島２５２９番１６　


							",9.0
285,25500,平成22年1月1日,"和歌山県伊都郡かつらぎ町大字東渋田字宮ノ本３３５番４　


							",9.0
286,30100,平成22年1月1日,"和歌山県伊都郡九度山町大字九度山字桃園１３６５番３　


							",5.0
287,26200,平成22年1月1日,"和歌山県伊都郡九度山町大字慈尊院字堂ノ壇１１４番５外　


							",5.0
288,38900,平成22年1月1日,"和歌山県伊都郡高野町大字高野山字南谷３０９番　


							",7.0
289,23500,平成22年1月1日,"和歌山県伊都郡高野町大字高野山字奥ノ院４９番１００　


							",7.0
290,43200,平成22年1月1日,"和歌山県有田郡有田川町大字徳田字北垣内２２９番２　


							",1.0
291,37600,平成22年1月1日,"和歌山県有田郡有田川町大字角字早田２２０番　


							",1.0
292,40100,平成22年1月1日,"和歌山県西牟婁郡上富田町朝来字沖之芝７９３番１　


							",3.0
293,33900,平成22年1月1日,"和歌山県西牟婁郡上富田町南紀の台１８０５番４９０　


							",3.0
294,51000,平成21年1月1日,"和歌山県橋本市古佐田３丁目５４４番３　


							",8.0
295,44500,平成21年1月1日,"和歌山県橋本市紀見ケ丘３丁目２２３番１３７　


							",8.0
296,44300,平成21年1月1日,"和歌山県橋本市隅田町河瀬字曽根２５５番　


							",8.0
297,32000,平成21年1月1日,"和歌山県橋本市高野口町伏原字角門９６４番１　


							",8.0
298,39300,平成21年1月1日,"和歌山県橋本市高野口町向島字上嶋６番１２　


							",8.0
299,87600,平成21年1月1日,"和歌山県田辺市南新万１１２５番６４　


							",6.0
300,51500,平成21年1月1日,"和歌山県田辺市古尾２４番１０　


							",6.0
301,66000,平成21年1月1日,"和歌山県田辺市神島台２９１５番２０３　


							",6.0
302,66800,平成21年1月1日,"和歌山県田辺市磯間１８３番２３　


							",6.0
303,53800,平成21年1月1日,"和歌山県田辺市むつみ４５１番２４　


							",6.0
304,35500,平成21年1月1日,"和歌山県田辺市上秋津字岩内７２０番３　


							",6.0
305,45000,平成21年1月1日,"和歌山県紀の川市打田字鳥池１２９２番６外　


							",10.0
306,30400,平成21年1月1日,"和歌山県紀の川市南中字鳥居１８番　


							",10.0
307,40200,平成21年1月1日,"和歌山県紀の川市粉河字彌谷４８０１番１４　


							",10.0
308,30600,平成21年1月1日,"和歌山県紀の川市荒見字下川原６０４番８１　


							",10.0
309,38400,平成21年1月1日,"和歌山県紀の川市藤崎字宮ノ前３７４番３　


							",10.0
310,21600,平成21年1月1日,"和歌山県紀の川市江川中字タカ井５０５番外　


							",10.0
311,37000,平成21年1月1日,"和歌山県紀の川市桃山町市場字安ラ賀１８９番１４　


							",10.0
312,33500,平成21年1月1日,"和歌山県紀の川市貴志川町井ノ口字帆布６２５番５　


							",10.0
313,37900,平成21年1月1日,"和歌山県紀の川市貴志川町長原字城山４４４番３４　


							",10.0
314,50400,平成21年1月1日,"和歌山県岩出市高瀬字村北１６番２７　


							",11.0
315,32500,平成21年1月1日,"和歌山県岩出市根来字家廻り１２３２番　


							",11.0
316,46500,平成21年1月1日,"和歌山県伊都郡かつらぎ町大字丁ノ町字外島２５２９番１６　


							",9.0
317,27000,平成21年1月1日,"和歌山県伊都郡かつらぎ町大字東渋田字宮ノ本３３５番４　


							",9.0
318,31100,平成21年1月1日,"和歌山県伊都郡九度山町大字九度山字桃園１３６５番３　


							",5.0
319,27200,平成21年1月1日,"和歌山県伊都郡九度山町大字慈尊院字堂ノ壇１１４番５外　


							",5.0
320,40000,平成21年1月1日,"和歌山県伊都郡高野町大字高野山字南谷３０９番　


							",7.0
321,23900,平成21年1月1日,"和歌山県伊都郡高野町大字高野山字奥ノ院４９番４９内　


							",7.0
322,45200,平成21年1月1日,"和歌山県有田郡有田川町大字徳田字北垣内２２９番２　


							",1.0
323,39400,平成21年1月1日,"和歌山県有田郡有田川町大字角字早田２２０番　


							",1.0
324,41400,平成21年1月1日,"和歌山県西牟婁郡上富田町朝来字沖之芝７９３番１　


							",3.0
325,36900,平成21年1月1日,"和歌山県西牟婁郡上富田町南紀の台１８０５番４９０　


							",3.0
326,52000,平成20年1月1日,"和歌山県橋本市古佐田３丁目５４４番３　


							",8.0
327,45800,平成20年1月1日,"和歌山県橋本市紀見ケ丘３丁目２２３番１３７　


							",8.0
328,45800,平成20年1月1日,"和歌山県橋本市隅田町河瀬字曽根２５５番　


							",8.0
329,33000,平成20年1月1日,"和歌山県橋本市高野口町伏原字角門９６４番１　


							",8.0
330,40500,平成20年1月1日,"和歌山県橋本市高野口町向島字上嶋６番１２　


							",8.0
331,91100,平成20年1月1日,"和歌山県田辺市南新万１１２５番６４　


							",6.0
332,53500,平成20年1月1日,"和歌山県田辺市古尾２４番１０　


							",6.0
333,68400,平成20年1月1日,"和歌山県田辺市神島台２９１５番２０３　


							",6.0
334,69400,平成20年1月1日,"和歌山県田辺市磯間１８３番２３　


							",6.0
335,55700,平成20年1月1日,"和歌山県田辺市むつみ４５１番２４　


							",6.0
336,36300,平成20年1月1日,"和歌山県田辺市上秋津字岩内７２０番３　


							",6.0
337,47400,平成20年1月1日,"和歌山県紀の川市打田字鳥池１２９２番６外　


							",10.0
338,32300,平成20年1月1日,"和歌山県紀の川市南中字鳥居１８番　


							",10.0
339,42400,平成20年1月1日,"和歌山県紀の川市粉河字彌谷４８０１番１４　


							",10.0
340,32200,平成20年1月1日,"和歌山県紀の川市荒見字下川原６０４番８１　


							",10.0
341,40900,平成20年1月1日,"和歌山県紀の川市藤崎字宮ノ前３７４番３　


							",10.0
342,23100,平成20年1月1日,"和歌山県紀の川市江川中字タカ井５０５番外　


							",10.0
343,39100,平成20年1月1日,"和歌山県紀の川市桃山町市場字安ラ賀１８９番１４　


							",10.0
344,35700,平成20年1月1日,"和歌山県紀の川市貴志川町井ノ口字帆布６２５番５　


							",10.0
345,40300,平成20年1月1日,"和歌山県紀の川市貴志川町長原字城山４４４番３４　


							",10.0
346,51900,平成20年1月1日,"和歌山県岩出市高瀬字村北１６番２７　


							",11.0
347,33700,平成20年1月1日,"和歌山県岩出市根来字家廻り１２３２番　


							",11.0
348,48000,平成20年1月1日,"和歌山県伊都郡かつらぎ町大字丁ノ町字外島２５２９番１６　


							",9.0
349,28000,平成20年1月1日,"和歌山県伊都郡かつらぎ町大字東渋田字宮ノ本３３５番４　


							",9.0
350,32000,平成20年1月1日,"和歌山県伊都郡九度山町大字九度山字桃園１３６５番３　


							",5.0
351,28000,平成20年1月1日,"和歌山県伊都郡九度山町大字慈尊院字堂ノ壇１１４番５　


							",5.0
352,40900,平成20年1月1日,"和歌山県伊都郡高野町大字高野山字南谷３０９番　


							",7.0
353,23900,平成20年1月1日,"和歌山県伊都郡高野町大字高野山字奥ノ院４９番４９内　


							",7.0
354,46500,平成20年1月1日,"和歌山県有田郡有田川町大字徳田字北垣内２２９番２　


							",1.0
355,40300,平成20年1月1日,"和歌山県有田郡有田川町大字角字早田２２０番　


							",1.0
356,42500,平成20年1月1日,"和歌山県西牟婁郡上富田町朝来字沖之芝７９３番１　


							",3.0
357,38900,平成20年1月1日,"和歌山県西牟婁郡上富田町南紀の台１８０５番４９０　


							",3.0
358,49400,平成31年1月1日,"和歌山県和歌山市園部字下田出５９６番５４　


							",28.0
359,69000,平成31年1月1日,"和歌山県和歌山市栄谷字城谷９７６番２４６　


							",28.0
360,71000,平成31年1月1日,"和歌山県和歌山市紀三井寺字中洲新畑７６８番２９　


							",28.0
361,152000,平成31年1月1日,"和歌山県和歌山市芝ノ丁２１番　


							",28.0
362,96600,平成31年1月1日,"和歌山県和歌山市鷹匠町４丁目１０番２　


							",28.0
363,69300,平成31年1月1日,"和歌山県和歌山市和歌浦東１丁目５０９番３　


							",28.0
364,24100,平成31年1月1日,"和歌山県和歌山市加太字南仲町１２９４番２　


							",28.0
365,44100,平成31年1月1日,"和歌山県和歌山市榎原字鳥掛１３６番２７　


							",28.0
366,56900,平成31年1月1日,"和歌山県和歌山市鳴神字坂戸２４８番７８　


							",28.0
367,36700,平成31年1月1日,"和歌山県和歌山市小倉字中萱枠３６番１０７　


							",28.0
368,35700,平成31年1月1日,"和歌山県和歌山市西庄字中浜１０３７番４２　


							",28.0
369,46000,平成31年1月1日,"和歌山県和歌山市毛見字中地１０５８番２　


							",28.0
370,46200,平成31年1月1日,"和歌山県和歌山市西庄字清田２５１番１１　


							",28.0
371,32500,平成31年1月1日,"和歌山県和歌山市松江東２丁目１０７４番２　


							",28.0
372,48300,平成31年1月1日,"和歌山県和歌山市向字高屋敷４５番１２　


							",28.0
373,44400,平成31年1月1日,"和歌山県和歌山市有本字長丁２２１番４４　


							",28.0
374,38900,平成31年1月1日,"和歌山県和歌山市木ノ本字宮ノ前７番５　


							",28.0
375,43800,平成31年1月1日,"和歌山県和歌山市西浜字下川向ノ坪１２７１番２　


							",28.0
376,51600,平成31年1月1日,"和歌山県和歌山市松江字向鵜ノ島１４９８番１０　


							",28.0
377,122000,平成31年1月1日,"和歌山県和歌山市西長町２丁目３８番　


							",28.0
378,64600,平成31年1月1日,"和歌山県和歌山市神前字曽根田７番８外　


							",28.0
379,90000,平成31年1月1日,"和歌山県和歌山市中之島字貝柄１１９３番　


							",28.0
380,51800,平成31年1月1日,"和歌山県和歌山市田尻字仁ノコ田３５番１４　


							",28.0
381,52800,平成31年1月1日,"和歌山県和歌山市小雑賀字垣内７５番　


							",28.0
382,68100,平成31年1月1日,"和歌山県和歌山市内原字下浜９３０番２２　


							",28.0
383,45400,平成31年1月1日,"和歌山県和歌山市船所字新田２１５番３６　


							",28.0
384,132000,平成31年1月1日,"和歌山県和歌山市太田字神ノ畔１５２番　


							",28.0
385,38200,平成31年1月1日,"和歌山県和歌山市吉礼字池見５９６番２７　


							",28.0
386,59800,平成31年1月1日,"和歌山県和歌山市西小二里１丁目６２０番１０　


							",28.0
387,87000,平成31年1月1日,"和歌山県和歌山市砂山南２丁目１５番２　


							",28.0
388,121000,平成31年1月1日,"和歌山県和歌山市堀止東２丁目５番２２　


							",28.0
389,64100,平成31年1月1日,"和歌山県和歌山市中島字上野覚６０５番４　


							",28.0
390,54000,平成31年1月1日,"和歌山県和歌山市市小路字天王２０８番６　


							",28.0
391,45500,平成31年1月1日,"和歌山県和歌山市湊１丁目２１０３番１６　


							",28.0
392,69100,平成31年1月1日,"和歌山県和歌山市鳴神字奥嶋７９７番６　


							",28.0
393,61100,平成31年1月1日,"和歌山県和歌山市和歌浦南３丁目１６８１番１５　


							",28.0
394,43300,平成31年1月1日,"和歌山県和歌山市弘西字前芝３５６番２０　


							",28.0
395,52300,平成31年1月1日,"和歌山県和歌山市大谷字川田１７３番１６　


							",28.0
396,118000,平成31年1月1日,"和歌山県和歌山市東高松４丁目２１６番５　


							",28.0
397,40800,平成31年1月1日,"和歌山県和歌山市六十谷字西山田１０６４番３　


							",28.0
398,20500,平成31年1月1日,"和歌山県和歌山市山口西字東垣内３４３番３　


							",28.0
399,29300,平成31年1月1日,"和歌山県和歌山市弘西字開６７４番１７　


							",28.0
400,21300,平成31年1月1日,"和歌山県和歌山市栗栖字松本４８６番外　


							",28.0
401,34100,平成31年1月1日,"和歌山県和歌山市寺内字大門前５８５番外　


							",28.0
402,25300,平成31年1月1日,"和歌山県和歌山市山東中字東川向４９番４　


							",28.0
403,19000,平成31年1月1日,"和歌山県和歌山市冬野字宮垣内４９３番１　


							",28.0
404,170000,平成31年1月1日,"和歌山県和歌山市美園町２丁目８０番　


							",28.0
405,68500,平成31年1月1日,"和歌山県海南市重根東１丁目１６番７　


							",12.0
406,52900,平成31年1月1日,"和歌山県海南市船尾字中濱２１５番２３　


							",12.0
407,20500,平成31年1月1日,"和歌山県海南市下津町方字北原４１１番　


							",12.0
408,74300,平成31年1月1日,"和歌山県海南市大野中字井田前４７４番５８　


							",12.0
409,55200,平成31年1月1日,"和歌山県海南市日方字上芦原１０２７番１８　


							",12.0
410,42200,平成31年1月1日,"和歌山県海南市幡川字奥ノ谷３０７番３　


							",12.0
411,27000,平成31年1月1日,"和歌山県海南市岡田字南山崎７７１番１　


							",12.0
412,21800,平成31年1月1日,"和歌山県海南市溝ノ口字宮ノ前２６番６　


							",12.0
413,42400,平成31年1月1日,"和歌山県海南市下津町小原字拝町１４６４番１２　


							",12.0
414,45200,平成31年1月1日,"和歌山県有田市箕島字西平尾８０５番８　


							",0.0
415,29400,平成31年1月1日,"和歌山県有田市初島町浜字北網干場１４５７番６　


							",0.0
416,36500,平成31年1月1日,"和歌山県有田市宮崎町字宮ノ脇５１６番４　


							",0.0
417,30100,平成31年1月1日,"和歌山県御坊市島字籠田１５１番６　


							",13.0
418,20500,平成31年1月1日,"和歌山県御坊市湯川町富安字小谷２１９７番１４　


							",13.0
419,30500,平成31年1月1日,"和歌山県御坊市湯川町小松原字中ノ坪１９８番１　


							",13.0
420,42900,平成31年1月1日,"和歌山県新宮市磐盾１９３４番４　


							",14.0
421,31100,平成31年1月1日,"和歌山県新宮市熊野地２丁目５５７２番１５　


							",14.0
422,30100,平成31年1月1日,"和歌山県新宮市三輪崎字岡崎１２２０番１０　


							",14.0
423,32800,平成31年1月1日,"和歌山県有田郡湯浅町大字湯浅字馬出１９５８番１５　


							",15.0
424,34900,平成31年1月1日,"和歌山県有田郡湯浅町大字湯浅字野田１４２８番１２　


							",15.0
425,28100,平成31年1月1日,"和歌山県日高郡美浜町大字田井字釡井戸２８５番３　


							",18.0
426,22400,平成31年1月1日,"和歌山県日高郡美浜町大字吉原字大松原１０９０番１８　


							",18.0
427,22300,平成31年1月1日,"和歌山県日高郡由良町大字阿戸字木場坪１００１番１８　


							",19.0
428,19600,平成31年1月1日,"和歌山県日高郡由良町大字里字野手８４５番４　


							",19.0
429,34400,平成31年1月1日,"和歌山県日高郡みなべ町北道字西里中２５１番　


							",21.0
430,33200,平成31年1月1日,"和歌山県日高郡みなべ町芝字芝添６７０番１　


							",21.0
431,39100,平成31年1月1日,"和歌山県西牟婁郡白浜町字ダイ田奥１０８８番１０　


							",22.0
432,34500,平成31年1月1日,"和歌山県西牟婁郡白浜町堅田字坂巻２７６０番４４　


							",22.0
433,14300,平成31年1月1日,"和歌山県西牟婁郡白浜町日置字海蔵寺前１６９番６　


							",22.0
434,19900,平成31年1月1日,"和歌山県西牟婁郡すさみ町周参見字中之町４２３２番　


							",23.0
435,11100,平成31年1月1日,"和歌山県西牟婁郡すさみ町周参見字山本１８２４番１　


							",23.0
436,26600,平成31年1月1日,"和歌山県東牟婁郡那智勝浦町大字天満字須崎７４９番５　


							",24.0
437,23800,平成31年1月1日,"和歌山県東牟婁郡那智勝浦町大字宇久井字鍛治谷口１７３０番１５１　


							",24.0
438,15700,平成31年1月1日,"和歌山県東牟婁郡太地町大字森浦字汐入５５１番３９　


							",25.0
439,21100,平成31年1月1日,"和歌山県東牟婁郡太地町大字太地字丹甫３５６９番４　


							",25.0
440,23600,平成31年1月1日,"和歌山県東牟婁郡串本町串本字沖之芝生２４５番１　


							",27.0
441,14500,平成31年1月1日,"和歌山県東牟婁郡串本町西向字横畑９４６番外　


							",27.0
442,50100,平成31年1月1日,"和歌山県東牟婁郡串本町サンゴ台１１８４番２８　


							",27.0
443,49700,平成30年1月1日,"和歌山県和歌山市園部字下田出５９６番５４　


							",28.0
444,68800,平成30年1月1日,"和歌山県和歌山市栄谷字城谷９７６番２４６　


							",28.0
445,71000,平成30年1月1日,"和歌山県和歌山市紀三井寺字中洲新畑７６８番２９　


							",28.0
446,151000,平成30年1月1日,"和歌山県和歌山市芝ノ丁２１番　


							",28.0
447,97300,平成30年1月1日,"和歌山県和歌山市鷹匠町４丁目１０番２　


							",28.0
448,69900,平成30年1月1日,"和歌山県和歌山市和歌浦東１丁目５０９番３　


							",28.0
449,24900,平成30年1月1日,"和歌山県和歌山市加太字南仲町１２９４番２　


							",28.0
450,44200,平成30年1月1日,"和歌山県和歌山市榎原字鳥掛１３６番２７　


							",28.0
451,57200,平成30年1月1日,"和歌山県和歌山市鳴神字坂戸２４８番７８　


							",28.0
452,37100,平成30年1月1日,"和歌山県和歌山市小倉字中萱枠３６番１０７　


							",28.0
453,35900,平成30年1月1日,"和歌山県和歌山市西庄字中浜１０３７番４２　


							",28.0
454,46700,平成30年1月1日,"和歌山県和歌山市毛見字中地１０５８番２　


							",28.0
455,46300,平成30年1月1日,"和歌山県和歌山市西庄字清田２５１番１１　


							",28.0
456,33000,平成30年1月1日,"和歌山県和歌山市松江東２丁目１０７４番２　


							",28.0
457,48700,平成30年1月1日,"和歌山県和歌山市向字高屋敷４５番１２　


							",28.0
458,45400,平成30年1月1日,"和歌山県和歌山市有本字長丁２２１番４４　


							",28.0
459,39100,平成30年1月1日,"和歌山県和歌山市木ノ本字宮ノ前７番５　


							",28.0
460,44900,平成30年1月1日,"和歌山県和歌山市西浜字下川向ノ坪１２７１番２　


							",28.0
461,52000,平成30年1月1日,"和歌山県和歌山市松江字向鵜ノ島１４９８番１０　


							",28.0
462,121000,平成30年1月1日,"和歌山県和歌山市西長町２丁目３８番　


							",28.0
463,64600,平成30年1月1日,"和歌山県和歌山市神前字曽根田７番８外　


							",28.0
464,89900,平成30年1月1日,"和歌山県和歌山市中之島字貝柄１１９３番　


							",28.0
465,52100,平成30年1月1日,"和歌山県和歌山市田尻字仁ノコ田３５番１４　


							",28.0
466,53400,平成30年1月1日,"和歌山県和歌山市小雑賀字垣内７５番　


							",28.0
467,69000,平成30年1月1日,"和歌山県和歌山市内原字下浜９３０番２２　


							",28.0
468,45800,平成30年1月1日,"和歌山県和歌山市船所字新田２１５番３６　


							",28.0
469,131000,平成30年1月1日,"和歌山県和歌山市太田字神ノ畔１５２番　


							",28.0
470,38800,平成30年1月1日,"和歌山県和歌山市吉礼字池見５９６番２７　


							",28.0
471,60000,平成30年1月1日,"和歌山県和歌山市西小二里１丁目６２０番１０　


							",28.0
472,86900,平成30年1月1日,"和歌山県和歌山市砂山南２丁目１５番２　


							",28.0
473,120000,平成30年1月1日,"和歌山県和歌山市堀止東２丁目５番２２　


							",28.0
474,64100,平成30年1月1日,"和歌山県和歌山市中島字上野覚６０５番４　


							",28.0
475,54600,平成30年1月1日,"和歌山県和歌山市市小路字天王２０８番６　


							",28.0
476,46000,平成30年1月1日,"和歌山県和歌山市湊１丁目６０１番２内　


							",28.0
477,69400,平成30年1月1日,"和歌山県和歌山市鳴神字奥嶋７９７番６　


							",28.0
478,63000,平成30年1月1日,"和歌山県和歌山市和歌浦南３丁目１６８１番１５　


							",28.0
479,43500,平成30年1月1日,"和歌山県和歌山市弘西字前芝３５６番２０　


							",28.0
480,52300,平成30年1月1日,"和歌山県和歌山市大谷字川田１７３番１６　


							",28.0
481,117000,平成30年1月1日,"和歌山県和歌山市東高松４丁目２１６番５　


							",28.0
482,41300,平成30年1月1日,"和歌山県和歌山市六十谷字西山田１０６４番３　


							",28.0
483,20700,平成30年1月1日,"和歌山県和歌山市山口西字東垣内３４３番３　


							",28.0
484,29600,平成30年1月1日,"和歌山県和歌山市弘西字開６７４番１７　


							",28.0
485,21600,平成30年1月1日,"和歌山県和歌山市栗栖字松本４８６番外　


							",28.0
486,34600,平成30年1月1日,"和歌山県和歌山市寺内字大門前５８５番外　


							",28.0
487,25600,平成30年1月1日,"和歌山県和歌山市山東中字東川向４９番４　


							",28.0
488,19300,平成30年1月1日,"和歌山県和歌山市冬野字宮垣内４９３番１　


							",28.0
489,170000,平成30年1月1日,"和歌山県和歌山市美園町２丁目８０番　


							",28.0
490,55800,平成30年1月1日,"和歌山県海南市鳥居字西川添９０番　


							",12.0
491,54800,平成30年1月1日,"和歌山県海南市船尾字中濱２１５番２３　


							",12.0
492,21100,平成30年1月1日,"和歌山県海南市下津町方字北原４１１番　


							",12.0
493,75500,平成30年1月1日,"和歌山県海南市大野中字井田前４７４番５８　


							",12.0
494,56600,平成30年1月1日,"和歌山県海南市日方字上芦原１０２７番１８　


							",12.0
495,42800,平成30年1月1日,"和歌山県海南市幡川字奥ノ谷３０７番３　


							",12.0
496,27800,平成30年1月1日,"和歌山県海南市岡田字南山崎７７１番１　


							",12.0
497,21900,平成30年1月1日,"和歌山県海南市溝ノ口字宮ノ前２６番６　


							",12.0
498,42700,平成30年1月1日,"和歌山県海南市下津町小原字拝町１４６４番１２　


							",12.0
499,46300,平成30年1月1日,"和歌山県有田市箕島字西平尾８０５番８　


							",0.0
500,30200,平成30年1月1日,"和歌山県有田市初島町浜字北網干場１４５７番６　


							",0.0
501,37400,平成30年1月1日,"和歌山県有田市宮崎町字宮ノ脇５１６番４　


							",0.0
502,31600,平成30年1月1日,"和歌山県御坊市島字籠田１５１番６　


							",13.0
503,21000,平成30年1月1日,"和歌山県御坊市湯川町富安字小谷２１９７番１４　


							",13.0
504,31400,平成30年1月1日,"和歌山県御坊市湯川町小松原字中ノ坪１９８番１　


							",13.0
505,43500,平成30年1月1日,"和歌山県新宮市磐盾１９３４番４　


							",14.0
506,31900,平成30年1月1日,"和歌山県新宮市熊野地２丁目５５７２番１５　


							",14.0
507,30500,平成30年1月1日,"和歌山県新宮市三輪崎字岡崎１２２０番１０　


							",14.0
508,34100,平成30年1月1日,"和歌山県有田郡湯浅町大字湯浅字馬出１９５８番１５　


							",15.0
509,35600,平成30年1月1日,"和歌山県有田郡湯浅町大字湯浅字野田１４２８番１２　


							",15.0
510,28800,平成30年1月1日,"和歌山県日高郡美浜町大字田井字釡井戸２８５番３　


							",18.0
511,23000,平成30年1月1日,"和歌山県日高郡美浜町大字吉原字大松原１０９０番１８　


							",18.0
512,23400,平成30年1月1日,"和歌山県日高郡由良町大字阿戸字木場坪１００１番１８　


							",19.0
513,20100,平成30年1月1日,"和歌山県日高郡由良町大字里字野手８４５番４　


							",19.0
514,34900,平成30年1月1日,"和歌山県日高郡みなべ町北道字西里中２５１番　


							",21.0
515,33800,平成30年1月1日,"和歌山県日高郡みなべ町芝字芝添６７０番１　


							",21.0
516,39100,平成30年1月1日,"和歌山県西牟婁郡白浜町字ダイ田奥１０８８番１０　


							",22.0
517,34400,平成30年1月1日,"和歌山県西牟婁郡白浜町堅田字坂巻２７６０番４４　


							",22.0
518,14500,平成30年1月1日,"和歌山県西牟婁郡白浜町日置字海蔵寺前１６９番６　


							",22.0
519,20200,平成30年1月1日,"和歌山県西牟婁郡すさみ町周参見字中之町４２３２番　


							",23.0
520,11300,平成30年1月1日,"和歌山県西牟婁郡すさみ町周参見字山本１８２４番１　


							",23.0
521,27000,平成30年1月1日,"和歌山県東牟婁郡那智勝浦町大字天満字須崎７４９番５　


							",24.0
522,24100,平成30年1月1日,"和歌山県東牟婁郡那智勝浦町大字宇久井字鍛治谷口１７３０番１５１　


							",24.0
523,16100,平成30年1月1日,"和歌山県東牟婁郡太地町大字森浦字汐入５５１番３９　


							",25.0
524,21600,平成30年1月1日,"和歌山県東牟婁郡太地町大字太地字丹甫３５６９番４　


							",25.0
525,24300,平成30年1月1日,"和歌山県東牟婁郡串本町串本字沖之芝生２４５番１　


							",27.0
526,14900,平成30年1月1日,"和歌山県東牟婁郡串本町西向字横畑９４６番外　


							",27.0
527,49800,平成30年1月1日,"和歌山県東牟婁郡串本町サンゴ台１１８４番２８　


							",27.0
528,50000,平成29年1月1日,"和歌山県和歌山市園部字下田出５９６番５４　


							",28.0
529,41800,平成29年1月1日,"和歌山県和歌山市楠本字免イ田１番３２　


							",28.0
530,71300,平成29年1月1日,"和歌山県和歌山市紀三井寺字中洲新畑７６８番２９　


							",28.0
531,150000,平成29年1月1日,"和歌山県和歌山市芝ノ丁２１番　


							",28.0
532,97300,平成29年1月1日,"和歌山県和歌山市鷹匠町４丁目１０番２　


							",28.0
533,70800,平成29年1月1日,"和歌山県和歌山市和歌浦東１丁目５０９番３　


							",28.0
534,25800,平成29年1月1日,"和歌山県和歌山市加太字南仲町１２９４番２　


							",28.0
535,44500,平成29年1月1日,"和歌山県和歌山市榎原字鳥掛１３６番２７　


							",28.0
536,57600,平成29年1月1日,"和歌山県和歌山市鳴神字坂戸２４８番７８　


							",28.0
537,37500,平成29年1月1日,"和歌山県和歌山市小倉字中萱枠３６番１０７　


							",28.0
538,36100,平成29年1月1日,"和歌山県和歌山市西庄字中浜１０３７番４２　


							",28.0
539,47700,平成29年1月1日,"和歌山県和歌山市毛見字中地１０５８番２外　


							",28.0
540,46600,平成29年1月1日,"和歌山県和歌山市西庄字清田２５１番１１　


							",28.0
541,33400,平成29年1月1日,"和歌山県和歌山市松江東２丁目１０７４番２　


							",28.0
542,49100,平成29年1月1日,"和歌山県和歌山市向字高屋敷４５番１２　


							",28.0
543,46500,平成29年1月1日,"和歌山県和歌山市有本字長丁２２１番４４　


							",28.0
544,39500,平成29年1月1日,"和歌山県和歌山市木ノ本字宮ノ前７番５　


							",28.0
545,46400,平成29年1月1日,"和歌山県和歌山市西浜字下川向ノ坪１２７１番２　


							",28.0
546,52400,平成29年1月1日,"和歌山県和歌山市松江字向鵜ノ島１４９８番１０　


							",28.0
547,119000,平成29年1月1日,"和歌山県和歌山市西長町２丁目３８番　


							",28.0
548,64600,平成29年1月1日,"和歌山県和歌山市神前字曽根田７番８外　


							",28.0
549,89900,平成29年1月1日,"和歌山県和歌山市中之島字貝柄１１９３番　


							",28.0
550,52400,平成29年1月1日,"和歌山県和歌山市田尻字仁ノコ田３５番１４　


							",28.0
551,54100,平成29年1月1日,"和歌山県和歌山市小雑賀字垣内７５番　


							",28.0
552,69900,平成29年1月1日,"和歌山県和歌山市内原字下浜９３０番２２　


							",28.0
553,46400,平成29年1月1日,"和歌山県和歌山市船所字新田２１５番３６　


							",28.0
554,131000,平成29年1月1日,"和歌山県和歌山市太田字神ノ畔１５２番　


							",28.0
555,39500,平成29年1月1日,"和歌山県和歌山市吉礼字池見５９６番２７　


							",28.0
556,60300,平成29年1月1日,"和歌山県和歌山市西小二里１丁目６２０番１０　


							",28.0
557,86900,平成29年1月1日,"和歌山県和歌山市砂山南２丁目１５番２　


							",28.0
558,119000,平成29年1月1日,"和歌山県和歌山市堀止東２丁目５番２２　


							",28.0
559,64100,平成29年1月1日,"和歌山県和歌山市中島字上野覚６０５番４　


							",28.0
560,55200,平成29年1月1日,"和歌山県和歌山市市小路字天王２０８番６　


							",28.0
561,46700,平成29年1月1日,"和歌山県和歌山市湊１丁目６０２番　


							",28.0
562,69700,平成29年1月1日,"和歌山県和歌山市鳴神字奥嶋７９７番６　


							",28.0
563,65000,平成29年1月1日,"和歌山県和歌山市和歌浦南３丁目１６８１番１５　


							",28.0
564,43700,平成29年1月1日,"和歌山県和歌山市弘西字前芝３５６番２０　


							",28.0
565,52300,平成29年1月1日,"和歌山県和歌山市大谷字川田１７３番１６　


							",28.0
566,115000,平成29年1月1日,"和歌山県和歌山市東高松４丁目２１６番５　


							",28.0
567,42000,平成29年1月1日,"和歌山県和歌山市六十谷字西山田１０６４番３　


							",28.0
568,21100,平成29年1月1日,"和歌山県和歌山市山口西字東垣内３４３番３　


							",28.0
569,29900,平成29年1月1日,"和歌山県和歌山市弘西字開６７４番１７　


							",28.0
570,21900,平成29年1月1日,"和歌山県和歌山市栗栖字松本４８６番外　


							",28.0
571,35200,平成29年1月1日,"和歌山県和歌山市寺内字大門前５８５番外　


							",28.0
572,25900,平成29年1月1日,"和歌山県和歌山市山東中字東川向４９番４　


							",28.0
573,19700,平成29年1月1日,"和歌山県和歌山市冬野字宮垣内４９３番１　


							",28.0
574,170000,平成29年1月1日,"和歌山県和歌山市美園町２丁目８０番　


							",28.0
575,56700,平成29年1月1日,"和歌山県海南市鳥居字西川添９０番　


							",12.0
576,56800,平成29年1月1日,"和歌山県海南市船尾字中濱２１５番２３　


							",12.0
577,21800,平成29年1月1日,"和歌山県海南市下津町方字北原４１１番　


							",12.0
578,76700,平成29年1月1日,"和歌山県海南市大野中字井田前４７４番５８　


							",12.0
579,58000,平成29年1月1日,"和歌山県海南市日方字上芦原１０２７番１８　


							",12.0
580,43500,平成29年1月1日,"和歌山県海南市幡川字奥ノ谷３０７番３　


							",12.0
581,28700,平成29年1月1日,"和歌山県海南市岡田字南山崎７７１番１　


							",12.0
582,21900,平成29年1月1日,"和歌山県海南市溝ノ口字宮ノ前２６番６　


							",12.0
583,43100,平成29年1月1日,"和歌山県海南市下津町小原字拝町１４６４番１２　


							",12.0
584,47600,平成29年1月1日,"和歌山県有田市箕島字西平尾８０５番８　


							",0.0
585,31100,平成29年1月1日,"和歌山県有田市初島町浜字北網干場１４５７番６　


							",0.0
586,38400,平成29年1月1日,"和歌山県有田市宮崎町字宮ノ脇５１６番４　


							",0.0
587,33200,平成29年1月1日,"和歌山県御坊市島字籠田１５１番６　


							",13.0
588,21600,平成29年1月1日,"和歌山県御坊市湯川町富安字小谷２１９７番１４　


							",13.0
589,32100,平成29年1月1日,"和歌山県御坊市湯川町小松原字中ノ坪１９８番１　


							",13.0
590,44300,平成29年1月1日,"和歌山県新宮市磐盾１９３４番４　


							",14.0
591,32900,平成29年1月1日,"和歌山県新宮市熊野地２丁目５５７２番１５　


							",14.0
592,31000,平成29年1月1日,"和歌山県新宮市三輪崎字岡崎１２２０番１０　


							",14.0
593,35600,平成29年1月1日,"和歌山県有田郡湯浅町大字湯浅字馬出１９５８番１５　


							",15.0
594,36500,平成29年1月1日,"和歌山県有田郡湯浅町大字湯浅字野田１４２８番１２　


							",15.0
595,29600,平成29年1月1日,"和歌山県日高郡美浜町大字田井字釡井戸２８５番３　


							",18.0
596,23700,平成29年1月1日,"和歌山県日高郡美浜町大字吉原字大松原１０９０番１８　


							",18.0
597,24600,平成29年1月1日,"和歌山県日高郡由良町大字阿戸字木場坪１００１番１８　


							",19.0
598,20800,平成29年1月1日,"和歌山県日高郡由良町大字里字野手８４５番４　


							",19.0
599,35600,平成29年1月1日,"和歌山県日高郡みなべ町北道字西里中２５１番　


							",21.0
600,34500,平成29年1月1日,"和歌山県日高郡みなべ町芝字芝添６７０番１　


							",21.0
601,39500,平成29年1月1日,"和歌山県西牟婁郡白浜町字ダイ田奥１０８８番１０　


							",22.0
602,34200,平成29年1月1日,"和歌山県西牟婁郡白浜町堅田字坂巻２７６０番４４　


							",22.0
603,14800,平成29年1月1日,"和歌山県西牟婁郡白浜町日置字海蔵寺前１６９番６　


							",22.0
604,20600,平成29年1月1日,"和歌山県西牟婁郡すさみ町周参見字中之町４２３２番　


							",23.0
605,11500,平成29年1月1日,"和歌山県西牟婁郡すさみ町周参見字山本１８２４番１　


							",23.0
606,27500,平成29年1月1日,"和歌山県東牟婁郡那智勝浦町大字天満字須崎７４９番５　


							",24.0
607,24500,平成29年1月1日,"和歌山県東牟婁郡那智勝浦町大字宇久井字鍛治谷口１７３０番１５１　


							",24.0
608,16600,平成29年1月1日,"和歌山県東牟婁郡太地町大字森浦字汐入５５１番３９　


							",25.0
609,22200,平成29年1月1日,"和歌山県東牟婁郡太地町大字太地字丹甫３５６９番４　


							",25.0
610,25100,平成29年1月1日,"和歌山県東牟婁郡串本町串本字沖之芝生２４５番１　


							",27.0
611,15400,平成29年1月1日,"和歌山県東牟婁郡串本町西向字横畑９４６番外　


							",27.0
612,49300,平成29年1月1日,"和歌山県東牟婁郡串本町サンゴ台１１８４番２８　


							",27.0
613,50300,平成28年1月1日,"和歌山県和歌山市園部字下田出５９６番５４　


							",28.0
614,42100,平成28年1月1日,"和歌山県和歌山市楠本字免イ田１番３２　


							",28.0
615,71600,平成28年1月1日,"和歌山県和歌山市紀三井寺字中洲新畑７６８番２９　


							",28.0
616,148000,平成28年1月1日,"和歌山県和歌山市芝ノ丁２１番　


							",28.0
617,97300,平成28年1月1日,"和歌山県和歌山市鷹匠町４丁目１０番２　


							",28.0
618,71800,平成28年1月1日,"和歌山県和歌山市和歌浦東１丁目５０９番３　


							",28.0
619,26800,平成28年1月1日,"和歌山県和歌山市加太字南仲町１２９４番２　


							",28.0
620,45000,平成28年1月1日,"和歌山県和歌山市榎原字鳥掛１３６番２７　


							",28.0
621,58200,平成28年1月1日,"和歌山県和歌山市鳴神字坂戸２４８番７８　


							",28.0
622,37900,平成28年1月1日,"和歌山県和歌山市小倉字中萱枠３６番１０７　


							",28.0
623,36300,平成28年1月1日,"和歌山県和歌山市西庄字中浜１０３７番４２　


							",28.0
624,48800,平成28年1月1日,"和歌山県和歌山市毛見字中地１０５８番２外　


							",28.0
625,46900,平成28年1月1日,"和歌山県和歌山市西庄字清田２５１番１１　


							",28.0
626,33800,平成28年1月1日,"和歌山県和歌山市松江東２丁目１０７４番２　


							",28.0
627,49500,平成28年1月1日,"和歌山県和歌山市向字高屋敷４５番１２　


							",28.0
628,48100,平成28年1月1日,"和歌山県和歌山市有本字長丁２２１番４４　


							",28.0
629,40000,平成28年1月1日,"和歌山県和歌山市木ノ本字宮ノ前７番５　


							",28.0
630,47700,平成28年1月1日,"和歌山県和歌山市西浜字下川向ノ坪１２７１番２　


							",28.0
631,52900,平成28年1月1日,"和歌山県和歌山市松江字向鵜ノ島１４９８番１０　


							",28.0
632,118000,平成28年1月1日,"和歌山県和歌山市西長町２丁目３８番　


							",28.0
633,64700,平成28年1月1日,"和歌山県和歌山市神前字曽根田６番５外　


							",28.0
634,89900,平成28年1月1日,"和歌山県和歌山市中之島字貝柄１１９３番　


							",28.0
635,52900,平成28年1月1日,"和歌山県和歌山市田尻字仁ノコ田３５番１４　


							",28.0
636,55300,平成28年1月1日,"和歌山県和歌山市小雑賀字垣内７５番　


							",28.0
637,70900,平成28年1月1日,"和歌山県和歌山市内原字下浜９３０番２２　


							",28.0
638,47100,平成28年1月1日,"和歌山県和歌山市船所字新田２１５番３６　


							",28.0
639,129000,平成28年1月1日,"和歌山県和歌山市太田字神ノ畔１５２番　


							",28.0
640,40300,平成28年1月1日,"和歌山県和歌山市吉礼字池見５９６番２７　


							",28.0
641,61200,平成28年1月1日,"和歌山県和歌山市西小二里１丁目６２０番１０　


							",28.0
642,86800,平成28年1月1日,"和歌山県和歌山市砂山南２丁目１５番２　


							",28.0
643,117000,平成28年1月1日,"和歌山県和歌山市堀止東２丁目５番２２　


							",28.0
644,58900,平成28年1月1日,"和歌山県和歌山市新中島字上野覚８５番１４　


							",28.0
645,55800,平成28年1月1日,"和歌山県和歌山市市小路字天王２０８番６　


							",28.0
646,47400,平成28年1月1日,"和歌山県和歌山市湊１丁目６０２番　


							",28.0
647,70000,平成28年1月1日,"和歌山県和歌山市鳴神字奥嶋７９７番６　


							",28.0
648,67200,平成28年1月1日,"和歌山県和歌山市和歌浦南３丁目１６８１番１５　


							",28.0
649,44000,平成28年1月1日,"和歌山県和歌山市弘西字前芝３５６番２０　


							",28.0
650,52300,平成28年1月1日,"和歌山県和歌山市大谷字川田１７３番１６　


							",28.0
651,113000,平成28年1月1日,"和歌山県和歌山市東高松４丁目２１６番５　


							",28.0
652,43100,平成28年1月1日,"和歌山県和歌山市六十谷字西山田１０６４番３　


							",28.0
653,21600,平成28年1月1日,"和歌山県和歌山市山口西字東垣内３４３番３　


							",28.0
654,30200,平成28年1月1日,"和歌山県和歌山市弘西字開６７４番１７　


							",28.0
655,22200,平成28年1月1日,"和歌山県和歌山市栗栖字松本４８６番外　


							",28.0
656,36100,平成28年1月1日,"和歌山県和歌山市寺内字大門前５８５番外　


							",28.0
657,26200,平成28年1月1日,"和歌山県和歌山市山東中字東川向４９番４　


							",28.0
658,20300,平成28年1月1日,"和歌山県和歌山市冬野字宮垣内４９３番１　


							",28.0
659,57800,平成28年1月1日,"和歌山県海南市鳥居字西川添９０番　


							",12.0
660,58600,平成28年1月1日,"和歌山県海南市船尾字中濱２１５番２３　


							",12.0
661,22700,平成28年1月1日,"和歌山県海南市下津町方字北原４１１番　


							",12.0
662,77700,平成28年1月1日,"和歌山県海南市大野中字井田前４７４番５８　


							",12.0
663,59000,平成28年1月1日,"和歌山県海南市日方字上芦原１０２７番１８　


							",12.0
664,44500,平成28年1月1日,"和歌山県海南市幡川字奥ノ谷３０７番３　


							",12.0
665,29600,平成28年1月1日,"和歌山県海南市岡田字南山崎７７１番１　


							",12.0
666,22200,平成28年1月1日,"和歌山県海南市溝ノ口字宮ノ前２６番６　


							",12.0
667,44000,平成28年1月1日,"和歌山県海南市下津町小原字拝町１４６４番１２　


							",12.0
668,49200,平成28年1月1日,"和歌山県有田市箕島字西平尾８０５番８　


							",0.0
669,32100,平成28年1月1日,"和歌山県有田市初島町浜字北網干場１４５７番６　


							",0.0
670,39600,平成28年1月1日,"和歌山県有田市宮崎町字宮ノ脇５１６番４　


							",0.0
671,35000,平成28年1月1日,"和歌山県御坊市島字籠田１５１番６　


							",13.0
672,22600,平成28年1月1日,"和歌山県御坊市湯川町富安字小谷２１９７番１４　


							",13.0
673,33300,平成28年1月1日,"和歌山県御坊市湯川町小松原字中ノ坪１９８番１　


							",13.0
674,45100,平成28年1月1日,"和歌山県新宮市磐盾１９３４番４　


							",14.0
675,34200,平成28年1月1日,"和歌山県新宮市熊野地２丁目５５７２番１５　


							",14.0
676,31500,平成28年1月1日,"和歌山県新宮市三輪崎字岡崎１２２０番１０　


							",14.0
677,37600,平成28年1月1日,"和歌山県有田郡湯浅町大字湯浅字馬出１９５８番１５　


							",15.0
678,37400,平成28年1月1日,"和歌山県有田郡湯浅町大字湯浅字野田１４２８番１２　


							",15.0
679,30700,平成28年1月1日,"和歌山県日高郡美浜町大字田井字釡井戸２８５番３　


							",18.0
680,24600,平成28年1月1日,"和歌山県日高郡美浜町大字吉原字大松原１０９０番１８　


							",18.0
681,26000,平成28年1月1日,"和歌山県日高郡由良町大字阿戸字木場坪１００１番１８　


							",19.0
682,21500,平成28年1月1日,"和歌山県日高郡由良町大字里字野手８４５番４　


							",19.0
683,36500,平成28年1月1日,"和歌山県日高郡みなべ町北道字西里中２５１番　


							",21.0
684,35500,平成28年1月1日,"和歌山県日高郡みなべ町芝字芝添６７０番１　


							",21.0
685,40000,平成28年1月1日,"和歌山県西牟婁郡白浜町字ダイ田奥１０８８番１０　


							",22.0
686,34000,平成28年1月1日,"和歌山県西牟婁郡白浜町堅田字坂巻２７６０番４４　


							",22.0
687,15200,平成28年1月1日,"和歌山県西牟婁郡白浜町日置字海蔵寺前１６９番６　


							",22.0
688,21200,平成28年1月1日,"和歌山県西牟婁郡すさみ町周参見字中之町４２３２番　


							",23.0
689,11800,平成28年1月1日,"和歌山県西牟婁郡すさみ町周参見字山本１８２４番１　


							",23.0
690,28100,平成28年1月1日,"和歌山県東牟婁郡那智勝浦町大字天満字須崎７４９番５　


							",24.0
691,25000,平成28年1月1日,"和歌山県東牟婁郡那智勝浦町大字宇久井字鍛治谷口１７３０番１５１　


							",24.0
692,17200,平成28年1月1日,"和歌山県東牟婁郡太地町大字森浦字汐入５５１番３９　


							",25.0
693,22900,平成28年1月1日,"和歌山県東牟婁郡太地町大字太地字丹甫３５６９番４　


							",25.0
694,26000,平成28年1月1日,"和歌山県東牟婁郡串本町串本字沖之芝生２４５番１　


							",27.0
695,16000,平成28年1月1日,"和歌山県東牟婁郡串本町西向字横畑９４６番外　


							",27.0
696,50800,平成27年1月1日,"和歌山県和歌山市園部字下田出５９６番５４　


							",28.0
697,42500,平成27年1月1日,"和歌山県和歌山市楠本字免イ田１番３２　


							",28.0
698,72000,平成27年1月1日,"和歌山県和歌山市紀三井寺字中洲新畑７６８番２９　


							",28.0
699,146000,平成27年1月1日,"和歌山県和歌山市芝ノ丁２１番　


							",28.0
700,97300,平成27年1月1日,"和歌山県和歌山市鷹匠町４丁目１０番２　


							",28.0
701,73000,平成27年1月1日,"和歌山県和歌山市和歌浦東１丁目５０９番３　


							",28.0
702,28000,平成27年1月1日,"和歌山県和歌山市加太字南仲町１２９４番２　


							",28.0
703,45700,平成27年1月1日,"和歌山県和歌山市榎原字鳥掛１３６番２７　


							",28.0
704,58900,平成27年1月1日,"和歌山県和歌山市鳴神字坂戸２４８番７８　


							",28.0
705,38400,平成27年1月1日,"和歌山県和歌山市小倉字中萱枠３６番１０７　


							",28.0
706,36600,平成27年1月1日,"和歌山県和歌山市西庄字中浜１０３７番４２　


							",28.0
707,50000,平成27年1月1日,"和歌山県和歌山市毛見字中地１０５８番２外　


							",28.0
708,47000,平成27年1月1日,"和歌山県和歌山市西庄字清田２５１番１１　


							",28.0
709,34500,平成27年1月1日,"和歌山県和歌山市松江東２丁目１０７４番２　


							",28.0
710,50000,平成27年1月1日,"和歌山県和歌山市向字高屋敷４５番１２　


							",28.0
711,50000,平成27年1月1日,"和歌山県和歌山市有本字長丁２２１番４４　


							",28.0
712,40800,平成27年1月1日,"和歌山県和歌山市木ノ本字宮ノ前７番５　


							",28.0
713,49100,平成27年1月1日,"和歌山県和歌山市西浜字下川向ノ坪１２７１番２　


							",28.0
714,53500,平成27年1月1日,"和歌山県和歌山市松江字向鵜ノ島１４９８番１０　


							",28.0
715,117000,平成27年1月1日,"和歌山県和歌山市西長町２丁目３８番　


							",28.0
716,64900,平成27年1月1日,"和歌山県和歌山市神前字曽根田６番５外　


							",28.0
717,89800,平成27年1月1日,"和歌山県和歌山市中之島字貝柄１１９３番　


							",28.0
718,53900,平成27年1月1日,"和歌山県和歌山市田尻字仁ノコ田３５番１４　


							",28.0
719,56600,平成27年1月1日,"和歌山県和歌山市小雑賀字垣内７５番　


							",28.0
720,72000,平成27年1月1日,"和歌山県和歌山市内原字下浜９３０番２２　


							",28.0
721,47900,平成27年1月1日,"和歌山県和歌山市船所字新田２１５番３６　


							",28.0
722,127000,平成27年1月1日,"和歌山県和歌山市太田字神ノ畔１５２番　


							",28.0
723,41400,平成27年1月1日,"和歌山県和歌山市吉礼字池見５９６番２７　


							",28.0
724,61800,平成27年1月1日,"和歌山県和歌山市西小二里１丁目６２０番１０　


							",28.0
725,86700,平成27年1月1日,"和歌山県和歌山市砂山南２丁目１５番２　


							",28.0
726,115000,平成27年1月1日,"和歌山県和歌山市堀止東２丁目５番２２　


							",28.0
727,59200,平成27年1月1日,"和歌山県和歌山市新中島字上野覚８５番１４　


							",28.0
728,56500,平成27年1月1日,"和歌山県和歌山市市小路字天王２０８番６　


							",28.0
729,48200,平成27年1月1日,"和歌山県和歌山市湊１丁目６０２番　


							",28.0
730,70400,平成27年1月1日,"和歌山県和歌山市鳴神字奥嶋７９７番６　


							",28.0
731,69600,平成27年1月1日,"和歌山県和歌山市和歌浦南３丁目１６８１番１５　


							",28.0
732,44400,平成27年1月1日,"和歌山県和歌山市弘西字前芝３５６番２０　


							",28.0
733,52200,平成27年1月1日,"和歌山県和歌山市大谷字川田１７３番１６　


							",28.0
734,111000,平成27年1月1日,"和歌山県和歌山市東高松４丁目２１６番５　


							",28.0
735,44400,平成27年1月1日,"和歌山県和歌山市六十谷字西山田１０６４番３　


							",28.0
736,21800,平成27年1月1日,"和歌山県和歌山市上黒谷字東前田７５番　


							",28.0
737,30600,平成27年1月1日,"和歌山県和歌山市弘西字開６７４番１７　


							",28.0
738,22500,平成27年1月1日,"和歌山県和歌山市栗栖字松本４８６番外　


							",28.0
739,37200,平成27年1月1日,"和歌山県和歌山市寺内字大門前５８５番外　


							",28.0
740,26600,平成27年1月1日,"和歌山県和歌山市山東中字東川向４９番４　


							",28.0
741,21000,平成27年1月1日,"和歌山県和歌山市冬野字宮垣内４９３番１　


							",28.0
742,59000,平成27年1月1日,"和歌山県海南市鳥居字西川添９０番　


							",12.0
743,61000,平成27年1月1日,"和歌山県海南市船尾字中濱２１５番２３　


							",12.0
744,23900,平成27年1月1日,"和歌山県海南市下津町方字北原４１１番　


							",12.0
745,78000,平成27年1月1日,"和歌山県海南市大野中字井田前４７４番５８　


							",12.0
746,60000,平成27年1月1日,"和歌山県海南市日方字上芦原１０２７番１８　


							",12.0
747,45600,平成27年1月1日,"和歌山県海南市幡川字奥ノ谷３０７番３　


							",12.0
748,30600,平成27年1月1日,"和歌山県海南市岡田字南山崎７７１番１　


							",12.0
749,22600,平成27年1月1日,"和歌山県海南市溝ノ口字宮ノ前２６番６　


							",12.0
750,45000,平成27年1月1日,"和歌山県海南市下津町小原字拝町１４６４番１２　


							",12.0
751,51000,平成27年1月1日,"和歌山県有田市箕島字西平尾８０５番８　


							",0.0
752,33200,平成27年1月1日,"和歌山県有田市初島町浜字北網干場１４５７番６　


							",0.0
753,40900,平成27年1月1日,"和歌山県有田市宮崎町字宮ノ脇５１６番４　


							",0.0
754,36900,平成27年1月1日,"和歌山県御坊市島字籠田１５１番６　


							",13.0
755,23700,平成27年1月1日,"和歌山県御坊市湯川町富安字小谷２１９７番１４　


							",13.0
756,34700,平成27年1月1日,"和歌山県御坊市湯川町小松原字中ノ坪１９８番１　


							",13.0
757,46000,平成27年1月1日,"和歌山県新宮市磐盾１９３４番４　


							",14.0
758,35600,平成27年1月1日,"和歌山県新宮市熊野地２丁目５５７２番１５　


							",14.0
759,32100,平成27年1月1日,"和歌山県新宮市三輪崎字岡崎１２２０番１０　


							",14.0
760,39800,平成27年1月1日,"和歌山県有田郡湯浅町大字湯浅字馬出１９５８番１５　


							",15.0
761,38500,平成27年1月1日,"和歌山県有田郡湯浅町大字湯浅字野田１４２８番１２　


							",15.0
762,31900,平成27年1月1日,"和歌山県日高郡美浜町大字田井字釡井戸２８５番３　


							",18.0
763,25600,平成27年1月1日,"和歌山県日高郡美浜町大字吉原字大松原１０９０番１８　


							",18.0
764,27500,平成27年1月1日,"和歌山県日高郡由良町大字阿戸字木場坪１００１番１８　


							",19.0
765,22300,平成27年1月1日,"和歌山県日高郡由良町大字里字野手８４５番４　


							",19.0
766,37500,平成27年1月1日,"和歌山県日高郡みなべ町北道字西里中２５１番　


							",21.0
767,36600,平成27年1月1日,"和歌山県日高郡みなべ町芝字芝添６７０番１　


							",21.0
768,41300,平成27年1月1日,"和歌山県西牟婁郡白浜町字ダイ田奥１０８８番１０　


							",22.0
769,33900,平成27年1月1日,"和歌山県西牟婁郡白浜町堅田字坂巻２７６０番４４　


							",22.0
770,15700,平成27年1月1日,"和歌山県西牟婁郡白浜町日置字海蔵寺前１６９番６　


							",22.0
771,21900,平成27年1月1日,"和歌山県西牟婁郡すさみ町周参見字中之町４２３２番　


							",23.0
772,12100,平成27年1月1日,"和歌山県西牟婁郡すさみ町周参見字山本１８２４番１　


							",23.0
773,29000,平成27年1月1日,"和歌山県東牟婁郡那智勝浦町大字天満字須崎７４９番５　


							",24.0
774,25100,平成27年1月1日,"和歌山県東牟婁郡那智勝浦町大字宇久井字鍛治谷口１７３０番１５１　


							",24.0
775,18000,平成27年1月1日,"和歌山県東牟婁郡太地町大字森浦字汐入５５１番３９　


							",25.0
776,23700,平成27年1月1日,"和歌山県東牟婁郡太地町大字太地字丹甫３５６９番４　


							",25.0
777,27000,平成27年1月1日,"和歌山県東牟婁郡串本町串本字沖之芝生２４５番１　


							",27.0
778,16700,平成27年1月1日,"和歌山県東牟婁郡串本町西向字横畑９４６番外　


							",27.0
779,51700,平成26年1月1日,"和歌山県和歌山市園部字下田出５９６番５４　


							",28.0
780,43000,平成26年1月1日,"和歌山県和歌山市楠本字免イ田１番３２　


							",28.0
781,72900,平成26年1月1日,"和歌山県和歌山市紀三井寺字中洲新畑７６８番２９　


							",28.0
782,144000,平成26年1月1日,"和歌山県和歌山市芝ノ丁２１番　


							",28.0
783,97700,平成26年1月1日,"和歌山県和歌山市鷹匠町４丁目１０番２　


							",28.0
784,74500,平成26年1月1日,"和歌山県和歌山市和歌浦東１丁目５０９番３　


							",28.0
785,29200,平成26年1月1日,"和歌山県和歌山市加太字南仲町１２９４番２　


							",28.0
786,47000,平成26年1月1日,"和歌山県和歌山市榎原字鳥掛１３６番２７　


							",28.0
787,60000,平成26年1月1日,"和歌山県和歌山市鳴神字坂戸２４８番７８　


							",28.0
788,39000,平成26年1月1日,"和歌山県和歌山市小倉字中萱枠３６番１０７　


							",28.0
789,37600,平成26年1月1日,"和歌山県和歌山市西庄字中浜１０３７番４２　


							",28.0
790,52100,平成26年1月1日,"和歌山県和歌山市毛見字中地１０５８番２外　


							",28.0
791,48400,平成26年1月1日,"和歌山県和歌山市西庄字清田２５１番１１　


							",28.0
792,35600,平成26年1月1日,"和歌山県和歌山市松江東２丁目１０７４番２　


							",28.0
793,50400,平成26年1月1日,"和歌山県和歌山市向字高屋敷４５番１２　


							",28.0
794,52100,平成26年1月1日,"和歌山県和歌山市有本字長丁２２１番４４　


							",28.0
795,42000,平成26年1月1日,"和歌山県和歌山市木ノ本字宮ノ前７番５　


							",28.0
796,50900,平成26年1月1日,"和歌山県和歌山市西浜字下川向ノ坪１２７１番２　


							",28.0
797,54200,平成26年1月1日,"和歌山県和歌山市松江字向鵜ノ島１４９８番１０　


							",28.0
798,117000,平成26年1月1日,"和歌山県和歌山市西長町２丁目３８番　


							",28.0
799,65300,平成26年1月1日,"和歌山県和歌山市神前字曽根田６番５外　


							",28.0
800,90000,平成26年1月1日,"和歌山県和歌山市中之島字貝柄１１９３番　


							",28.0
801,55400,平成26年1月1日,"和歌山県和歌山市田尻字仁ノコ田３５番１４　


							",28.0
802,58800,平成26年1月1日,"和歌山県和歌山市小雑賀字垣内７５番　


							",28.0
803,73200,平成26年1月1日,"和歌山県和歌山市内原字下浜９３０番２２　


							",28.0
804,48800,平成26年1月1日,"和歌山県和歌山市船所字新田２１５番３６　


							",28.0
805,124000,平成26年1月1日,"和歌山県和歌山市太田字神ノ畔１５２番　


							",28.0
806,43100,平成26年1月1日,"和歌山県和歌山市吉礼字池見５９６番２７　


							",28.0
807,63000,平成26年1月1日,"和歌山県和歌山市西小二里１丁目６２０番１０　


							",28.0
808,87800,平成26年1月1日,"和歌山県和歌山市砂山南２丁目１５番２　


							",28.0
809,113000,平成26年1月1日,"和歌山県和歌山市堀止東２丁目５番２２　


							",28.0
810,60000,平成26年1月1日,"和歌山県和歌山市新中島字上野覚８５番１４　


							",28.0
811,57200,平成26年1月1日,"和歌山県和歌山市市小路字天王２０８番６　


							",28.0
812,49100,平成26年1月1日,"和歌山県和歌山市湊１丁目６０２番　


							",28.0
813,71600,平成26年1月1日,"和歌山県和歌山市鳴神字奥嶋７９７番６　


							",28.0
814,73200,平成26年1月1日,"和歌山県和歌山市和歌浦南３丁目１６８１番１５　


							",28.0
815,45000,平成26年1月1日,"和歌山県和歌山市弘西字前芝３５６番２０　


							",28.0
816,52600,平成26年1月1日,"和歌山県和歌山市大谷字川田１７３番１６　


							",28.0
817,109000,平成26年1月1日,"和歌山県和歌山市東高松４丁目２１６番５　


							",28.0
818,46200,平成26年1月1日,"和歌山県和歌山市六十谷字西山田１０６４番３　


							",28.0
819,22700,平成26年1月1日,"和歌山県和歌山市上黒谷字東前田７５番　


							",28.0
820,31300,平成26年1月1日,"和歌山県和歌山市弘西字開６７４番１７　


							",28.0
821,23600,平成26年1月1日,"和歌山県和歌山市栗栖字松本４８６番外　


							",28.0
822,38700,平成26年1月1日,"和歌山県和歌山市寺内字大門前５８５番外　


							",28.0
823,27200,平成26年1月1日,"和歌山県和歌山市山東中字東川向４９番４　


							",28.0
824,22000,平成26年1月1日,"和歌山県和歌山市冬野字宮垣内４９３番１　


							",28.0
825,60200,平成26年1月1日,"和歌山県海南市鳥居字西川添９０番　


							",12.0
826,63500,平成26年1月1日,"和歌山県海南市船尾字中濱２１５番２３　


							",12.0
827,25400,平成26年1月1日,"和歌山県海南市下津町方字北原４１１番　


							",12.0
828,78400,平成26年1月1日,"和歌山県海南市大野中字井田前４７４番５８　


							",12.0
829,72900,平成26年1月1日,"和歌山県海南市名高字井引６８番５　


							",12.0
830,46900,平成26年1月1日,"和歌山県海南市幡川字奥ノ谷３０７番３　


							",12.0
831,31800,平成26年1月1日,"和歌山県海南市岡田字南山崎７７１番１　


							",12.0
832,23100,平成26年1月1日,"和歌山県海南市溝ノ口字宮ノ前２６番６　


							",12.0
833,46200,平成26年1月1日,"和歌山県海南市下津町小原字拝町１４６４番１２　


							",12.0
834,53100,平成26年1月1日,"和歌山県有田市箕島字西平尾８０５番８　


							",0.0
835,34500,平成26年1月1日,"和歌山県有田市初島町浜字北網干場１４５７番６　


							",0.0
836,42600,平成26年1月1日,"和歌山県有田市宮崎町字宮ノ脇５１６番４　


							",0.0
837,39000,平成26年1月1日,"和歌山県御坊市島字籠田１５１番６　


							",13.0
838,25100,平成26年1月1日,"和歌山県御坊市湯川町富安字小谷２１９７番１４　


							",13.0
839,36800,平成26年1月1日,"和歌山県御坊市湯川町小松原字中ノ坪１９８番１　


							",13.0
840,48200,平成26年1月1日,"和歌山県新宮市磐盾１９３４番４　


							",14.0
841,38000,平成26年1月1日,"和歌山県新宮市熊野地２丁目５５７２番１５　


							",14.0
842,33000,平成26年1月1日,"和歌山県新宮市三輪崎字岡崎１２２０番１０　


							",14.0
843,42100,平成26年1月1日,"和歌山県有田郡湯浅町大字湯浅字馬出１９５８番１５　


							",15.0
844,40100,平成26年1月1日,"和歌山県有田郡湯浅町大字湯浅字野田１４２８番１２　


							",15.0
845,33400,平成26年1月1日,"和歌山県日高郡美浜町大字田井字釡井戸２８５番３　


							",18.0
846,26700,平成26年1月1日,"和歌山県日高郡美浜町大字吉原字大松原１０９０番１８　


							",18.0
847,29000,平成26年1月1日,"和歌山県日高郡由良町大字阿戸字木場坪１００１番１８　


							",19.0
848,23300,平成26年1月1日,"和歌山県日高郡由良町大字里字野手８４５番４　


							",19.0
849,39400,平成26年1月1日,"和歌山県日高郡みなべ町北道字西里中２５１番　


							",21.0
850,38500,平成26年1月1日,"和歌山県日高郡みなべ町芝字芝添６７０番１　


							",21.0
851,43200,平成26年1月1日,"和歌山県西牟婁郡白浜町字ダイ田奥１０８８番１０　


							",22.0
852,33900,平成26年1月1日,"和歌山県西牟婁郡白浜町堅田字坂巻２７６０番４４　


							",22.0
853,16500,平成26年1月1日,"和歌山県西牟婁郡白浜町日置字海蔵寺前１６９番６　


							",22.0
854,23000,平成26年1月1日,"和歌山県西牟婁郡すさみ町周参見字中之町４２３２番　


							",23.0
855,12600,平成26年1月1日,"和歌山県西牟婁郡すさみ町周参見字山本１８２４番１　


							",23.0
856,30000,平成26年1月1日,"和歌山県東牟婁郡那智勝浦町大字天満字須崎７４９番５　


							",24.0
857,25100,平成26年1月1日,"和歌山県東牟婁郡那智勝浦町大字宇久井字鍛治谷口１７３０番１５１　


							",24.0
858,19000,平成26年1月1日,"和歌山県東牟婁郡太地町大字森浦字汐入５５１番３９　


							",25.0
859,24700,平成26年1月1日,"和歌山県東牟婁郡太地町大字太地字丹甫３５６９番４　


							",25.0
860,28400,平成26年1月1日,"和歌山県東牟婁郡串本町串本字沖之芝生２４５番１　


							",27.0
861,17700,平成26年1月1日,"和歌山県東牟婁郡串本町西向字横畑９４６番外　


							",27.0
862,52800,平成25年1月1日,"和歌山県和歌山市園部字下田出５９６番５４　


							",28.0
863,44400,平成25年1月1日,"和歌山県和歌山市楠本字免イ田１番３２　


							",28.0
864,75500,平成25年1月1日,"和歌山県和歌山市紀三井寺字中洲新畑７６８番２９　


							",28.0
865,144000,平成25年1月1日,"和歌山県和歌山市芝ノ丁２１番　


							",28.0
866,98200,平成25年1月1日,"和歌山県和歌山市鷹匠町４丁目１０番２　


							",28.0
867,76200,平成25年1月1日,"和歌山県和歌山市和歌浦東１丁目５０９番３　


							",28.0
868,32000,平成25年1月1日,"和歌山県和歌山市加太字南仲町１２９４番２　


							",28.0
869,48700,平成25年1月1日,"和歌山県和歌山市榎原字鳥掛１３６番２７　


							",28.0
870,61700,平成25年1月1日,"和歌山県和歌山市鳴神字坂戸２４８番７８　


							",28.0
871,40500,平成25年1月1日,"和歌山県和歌山市小倉字中萱枠３６番１０７　


							",28.0
872,39000,平成25年1月1日,"和歌山県和歌山市西庄字中浜１０３７番４２　


							",28.0
873,54500,平成25年1月1日,"和歌山県和歌山市毛見字中地１０５８番２外　


							",28.0
874,49900,平成25年1月1日,"和歌山県和歌山市西庄字清田２５１番１１　


							",28.0
875,36700,平成25年1月1日,"和歌山県和歌山市松江東２丁目１０７４番２　


							",28.0
876,51400,平成25年1月1日,"和歌山県和歌山市向字高屋敷４５番１２　


							",28.0
877,54000,平成25年1月1日,"和歌山県和歌山市有本字長丁２２１番４４　


							",28.0
878,43300,平成25年1月1日,"和歌山県和歌山市木ノ本字宮ノ前７番５　


							",28.0
879,52800,平成25年1月1日,"和歌山県和歌山市西浜字下川向ノ坪１２７１番２　


							",28.0
880,55200,平成25年1月1日,"和歌山県和歌山市松江字向鵜ノ島１４９８番１０　


							",28.0
881,120000,平成25年1月1日,"和歌山県和歌山市西長町２丁目３８番　


							",28.0
882,67000,平成25年1月1日,"和歌山県和歌山市神前字曽根田６番５外　


							",28.0
883,91400,平成25年1月1日,"和歌山県和歌山市中之島字貝柄１１９３番　


							",28.0
884,56500,平成25年1月1日,"和歌山県和歌山市田尻字仁ノコ田３５番１４　


							",28.0
885,60700,平成25年1月1日,"和歌山県和歌山市小雑賀字垣内７５番　


							",28.0
886,76100,平成25年1月1日,"和歌山県和歌山市内原字下浜９３０番２２　


							",28.0
887,50200,平成25年1月1日,"和歌山県和歌山市船所字新田２１５番３６　


							",28.0
888,124000,平成25年1月1日,"和歌山県和歌山市太田字神ノ畔１５２番　


							",28.0
889,45500,平成25年1月1日,"和歌山県和歌山市吉礼字池見５９６番２７　


							",28.0
890,65000,平成25年1月1日,"和歌山県和歌山市西小二里１丁目６２０番１０　


							",28.0
891,89800,平成25年1月1日,"和歌山県和歌山市砂山南２丁目１５番２　


							",28.0
892,113000,平成25年1月1日,"和歌山県和歌山市堀止東２丁目５番２２　


							",28.0
893,61300,平成25年1月1日,"和歌山県和歌山市新中島字上野覚８５番１４　


							",28.0
894,59100,平成25年1月1日,"和歌山県和歌山市市小路字天王２０８番６　


							",28.0
895,50800,平成25年1月1日,"和歌山県和歌山市湊１丁目６０２番　


							",28.0
896,73100,平成25年1月1日,"和歌山県和歌山市鳴神字奥嶋７９７番６　


							",28.0
897,76300,平成25年1月1日,"和歌山県和歌山市和歌浦南３丁目１６８１番１５　


							",28.0
898,45600,平成25年1月1日,"和歌山県和歌山市弘西字前芝３５６番２０　


							",28.0
899,53700,平成25年1月1日,"和歌山県和歌山市大谷字川田１７３番１６　


							",28.0
900,108000,平成25年1月1日,"和歌山県和歌山市東高松４丁目２１６番５　


							",28.0
901,48500,平成25年1月1日,"和歌山県和歌山市六十谷字西山田１０６４番３　


							",28.0
902,24100,平成25年1月1日,"和歌山県和歌山市上黒谷字東前田７５番　


							",28.0
903,32100,平成25年1月1日,"和歌山県和歌山市弘西字開６７４番１７　


							",28.0
904,25000,平成25年1月1日,"和歌山県和歌山市栗栖字松本４８６番外　


							",28.0
905,40100,平成25年1月1日,"和歌山県和歌山市寺内字大門前５８５番外　


							",28.0
906,27800,平成25年1月1日,"和歌山県和歌山市山東中字東川向４９番４　


							",28.0
907,23100,平成25年1月1日,"和歌山県和歌山市冬野字宮垣内４９３番１　


							",28.0
908,61300,平成25年1月1日,"和歌山県海南市鳥居字西川添９０番　


							",12.0
909,66200,平成25年1月1日,"和歌山県海南市船尾字中濱２１５番２３　


							",12.0
910,27100,平成25年1月1日,"和歌山県海南市下津町方字北原４１１番　


							",12.0
911,79500,平成25年1月1日,"和歌山県海南市大野中字井田前４７４番５８　


							",12.0
912,73800,平成25年1月1日,"和歌山県海南市名高字井引６８番５　


							",12.0
913,48500,平成25年1月1日,"和歌山県海南市幡川字奥ノ谷３０７番３　


							",12.0
914,33100,平成25年1月1日,"和歌山県海南市岡田字南山崎７７１番１　


							",12.0
915,23500,平成25年1月1日,"和歌山県海南市溝ノ口字宮ノ前２６番６　


							",12.0
916,47500,平成25年1月1日,"和歌山県海南市下津町小原字拝町１４６４番１２　


							",12.0
917,56400,平成25年1月1日,"和歌山県有田市箕島字西平尾８０５番８　


							",0.0
918,36000,平成25年1月1日,"和歌山県有田市初島町浜字北網干場１４５７番６　


							",0.0
919,44500,平成25年1月1日,"和歌山県有田市宮崎町字宮ノ脇５１６番４　


							",0.0
920,41100,平成25年1月1日,"和歌山県御坊市島字籠田１５１番６　


							",13.0
921,26700,平成25年1月1日,"和歌山県御坊市湯川町富安字小谷２１９７番１４　


							",13.0
922,39000,平成25年1月1日,"和歌山県御坊市湯川町小松原字中ノ坪１９８番１　


							",13.0
923,49500,平成25年1月1日,"和歌山県新宮市磐盾１９３４番４　


							",14.0
924,40200,平成25年1月1日,"和歌山県新宮市熊野地２丁目５５７２番１５　


							",14.0
925,34000,平成25年1月1日,"和歌山県新宮市三輪崎字岡崎１２２０番１０　


							",14.0
926,44700,平成25年1月1日,"和歌山県有田郡湯浅町大字湯浅字馬出１９５８番１５　


							",15.0
927,42700,平成25年1月1日,"和歌山県有田郡湯浅町大字湯浅字野田１４２８番１２　


							",15.0
928,35400,平成25年1月1日,"和歌山県日高郡美浜町大字田井字釡井戸２８５番３　


							",18.0
929,28000,平成25年1月1日,"和歌山県日高郡美浜町大字吉原字大松原１０９０番１８　


							",18.0
930,30600,平成25年1月1日,"和歌山県日高郡由良町大字阿戸字木場坪１００１番１８　


							",19.0
931,24500,平成25年1月1日,"和歌山県日高郡由良町大字里字野手８４５番４　


							",19.0
932,41400,平成25年1月1日,"和歌山県日高郡みなべ町北道字西里中２５１番　


							",21.0
933,40600,平成25年1月1日,"和歌山県日高郡みなべ町芝字芝添６７０番１　


							",21.0
934,45600,平成25年1月1日,"和歌山県西牟婁郡白浜町字ダイ田奥１０８８番１０　


							",22.0
935,34400,平成25年1月1日,"和歌山県西牟婁郡白浜町堅田字坂巻２７６０番４４　


							",22.0
936,17400,平成25年1月1日,"和歌山県西牟婁郡白浜町日置字海蔵寺前１６９番６　


							",22.0
937,24500,平成25年1月1日,"和歌山県西牟婁郡すさみ町周参見字中之町４２３２番　


							",23.0
938,13100,平成25年1月1日,"和歌山県西牟婁郡すさみ町周参見字山本１８２４番１　


							",23.0
939,31000,平成25年1月1日,"和歌山県東牟婁郡那智勝浦町大字天満字須崎７４９番５　


							",24.0
940,18700,平成25年1月1日,"和歌山県東牟婁郡那智勝浦町大字宇久井字中芝１９３番２外　


							",24.0
941,20300,平成25年1月1日,"和歌山県東牟婁郡太地町大字森浦字汐入５５１番３９　


							",25.0
942,26100,平成25年1月1日,"和歌山県東牟婁郡太地町大字太地字丹甫３５６９番４　


							",25.0
943,30400,平成25年1月1日,"和歌山県東牟婁郡串本町串本字沖之芝生２４５番１　


							",27.0
944,19100,平成25年1月1日,"和歌山県東牟婁郡串本町西向字横畑９４６番外　


							",27.0
945,54400,平成24年1月1日,"和歌山県和歌山市園部字下田出５９６番５４　


							",28.0
946,46500,平成24年1月1日,"和歌山県和歌山市楠本字免イ田１番３２　


							",28.0
947,81000,平成24年1月1日,"和歌山県和歌山市紀三井寺字中洲新畑７６８番２９　


							",28.0
948,146000,平成24年1月1日,"和歌山県和歌山市芝ノ丁２１番　


							",28.0
949,99000,平成24年1月1日,"和歌山県和歌山市鷹匠町４丁目１０番２　


							",28.0
950,78500,平成24年1月1日,"和歌山県和歌山市和歌浦東１丁目５０９番３　


							",28.0
951,35400,平成24年1月1日,"和歌山県和歌山市加太字南仲町１２９４番２　


							",28.0
952,51000,平成24年1月1日,"和歌山県和歌山市榎原字鳥掛１３６番２７　


							",28.0
953,64900,平成24年1月1日,"和歌山県和歌山市鳴神字坂戸２４８番７８　


							",28.0
954,43300,平成24年1月1日,"和歌山県和歌山市小倉字中萱枠３６番１０７　


							",28.0
955,41200,平成24年1月1日,"和歌山県和歌山市西庄字中浜１０３７番４２　


							",28.0
956,57400,平成24年1月1日,"和歌山県和歌山市毛見字中地１０５８番２外　


							",28.0
957,52200,平成24年1月1日,"和歌山県和歌山市西庄字清田２５１番１１　


							",28.0
958,38500,平成24年1月1日,"和歌山県和歌山市松江東２丁目１０７４番２　


							",28.0
959,53500,平成24年1月1日,"和歌山県和歌山市向字高屋敷４５番１２　


							",28.0
960,56200,平成24年1月1日,"和歌山県和歌山市有本字長丁２２１番４４　


							",28.0
961,44000,平成24年1月1日,"和歌山県和歌山市木ノ本字宮ノ前７番５　


							",28.0
962,56000,平成24年1月1日,"和歌山県和歌山市西浜字下川向ノ坪１２７１番２　


							",28.0
963,57000,平成24年1月1日,"和歌山県和歌山市松江字向鵜ノ島１４９８番１０　


							",28.0
964,122000,平成24年1月1日,"和歌山県和歌山市西長町２丁目３８番　


							",28.0
965,79900,平成24年1月1日,"和歌山県和歌山市津秦字奥ノ畑５番１８　


							",28.0
966,95300,平成24年1月1日,"和歌山県和歌山市中之島字貝柄１１９３番　


							",28.0
967,59000,平成24年1月1日,"和歌山県和歌山市田尻字仁ノコ田３５番１４　


							",28.0
968,63500,平成24年1月1日,"和歌山県和歌山市小雑賀字垣内７５番　


							",28.0
969,79500,平成24年1月1日,"和歌山県和歌山市内原字下浜９３０番２２　


							",28.0
970,52000,平成24年1月1日,"和歌山県和歌山市船所字新田２１５番３６　


							",28.0
971,125000,平成24年1月1日,"和歌山県和歌山市太田字神ノ畔１５２番　


							",28.0
972,49000,平成24年1月1日,"和歌山県和歌山市吉礼字池見５９６番２７　


							",28.0
973,68500,平成24年1月1日,"和歌山県和歌山市西小二里１丁目６２０番１０　


							",28.0
974,91800,平成24年1月1日,"和歌山県和歌山市砂山南２丁目１５番２　


							",28.0
975,114000,平成24年1月1日,"和歌山県和歌山市堀止東２丁目５番２２　


							",28.0
976,63700,平成24年1月1日,"和歌山県和歌山市新中島字上野覚８５番１４　


							",28.0
977,61500,平成24年1月1日,"和歌山県和歌山市市小路字天王２０８番６　


							",28.0
978,52600,平成24年1月1日,"和歌山県和歌山市湊１丁目６０２番　


							",28.0
979,75500,平成24年1月1日,"和歌山県和歌山市鳴神字奥嶋７９７番６　


							",28.0
980,79500,平成24年1月1日,"和歌山県和歌山市和歌浦南３丁目１６８１番１５　


							",28.0
981,46500,平成24年1月1日,"和歌山県和歌山市弘西字前芝３５６番２０　


							",28.0
982,55300,平成24年1月1日,"和歌山県和歌山市大谷字川田１７３番１６　


							",28.0
983,108000,平成24年1月1日,"和歌山県和歌山市東高松４丁目２１６番５　


							",28.0
984,49900,平成24年1月1日,"和歌山県和歌山市六十谷字西山田１０６４番３　


							",28.0
985,63000,平成24年1月1日,"和歌山県海南市鳥居字西川添９０番　


							",12.0
986,69000,平成24年1月1日,"和歌山県海南市船尾字中濱２１５番２３　


							",12.0
987,29100,平成24年1月1日,"和歌山県海南市下津町方字北原４１１番　


							",12.0
988,39000,平成24年1月1日,"和歌山県海南市重根字比瀬８８７番７　


							",12.0
989,74800,平成24年1月1日,"和歌山県海南市名高字井引６８番５　


							",12.0
990,51300,平成24年1月1日,"和歌山県海南市幡川字奥ノ谷３０７番３　


							",12.0
991,35000,平成24年1月1日,"和歌山県海南市岡田字南山崎７７１番１　


							",12.0
992,24200,平成24年1月1日,"和歌山県海南市溝ノ口字宮ノ前２６番６　


							",12.0
993,49000,平成24年1月1日,"和歌山県海南市下津町小原字拝町１４６４番１２　


							",12.0
994,62000,平成24年1月1日,"和歌山県有田市箕島字西平尾８０５番８　


							",0.0
995,38400,平成24年1月1日,"和歌山県有田市初島町浜字北網干場１４５７番６　


							",0.0
996,46600,平成24年1月1日,"和歌山県有田市宮崎町字宮ノ脇５１６番４　


							",0.0
997,43900,平成24年1月1日,"和歌山県御坊市島字籠田１５１番６　


							",13.0
998,28700,平成24年1月1日,"和歌山県御坊市湯川町富安字小谷２１９７番１４　


							",13.0
999,41800,平成24年1月1日,"和歌山県御坊市湯川町小松原字中ノ坪１９８番１　


							",13.0
1000,54000,平成24年1月1日,"和歌山県新宮市磐盾１９３４番４　


							",14.0
1001,44500,平成24年1月1日,"和歌山県新宮市熊野地２丁目５５７２番１５　


							",14.0
1002,44000,平成24年1月1日,"和歌山県新宮市三輪崎２丁目８０７番５　


							",14.0
1003,47500,平成24年1月1日,"和歌山県有田郡湯浅町大字湯浅字馬出１９５８番１５　


							",15.0
1004,45700,平成24年1月1日,"和歌山県有田郡湯浅町大字湯浅字野田１４２８番１２　


							",15.0
1005,37600,平成24年1月1日,"和歌山県日高郡美浜町大字田井字釡井戸２８５番３　


							",18.0
1006,29500,平成24年1月1日,"和歌山県日高郡美浜町大字吉原字大松原１０９０番１８　


							",18.0
1007,32200,平成24年1月1日,"和歌山県日高郡由良町大字阿戸字木場坪１００１番１８　


							",19.0
1008,25800,平成24年1月1日,"和歌山県日高郡由良町大字里字野手８４５番４　


							",19.0
1009,44000,平成24年1月1日,"和歌山県日高郡みなべ町北道字西里中２５１番　


							",21.0
1010,42800,平成24年1月1日,"和歌山県日高郡みなべ町芝字芝添６７０番１　


							",21.0
1011,49000,平成24年1月1日,"和歌山県西牟婁郡白浜町字ダイ田奥１０８８番１０　


							",22.0
1012,35000,平成24年1月1日,"和歌山県西牟婁郡白浜町堅田字坂巻２７６０番４４　


							",22.0
1013,18500,平成24年1月1日,"和歌山県西牟婁郡白浜町日置字海蔵寺前１６７番１　


							",22.0
1014,26200,平成24年1月1日,"和歌山県西牟婁郡すさみ町周参見字中之町４２３２番　


							",23.0
1015,13700,平成24年1月1日,"和歌山県西牟婁郡すさみ町周参見字山本１８２４番１　


							",23.0
1016,33600,平成24年1月1日,"和歌山県東牟婁郡那智勝浦町大字天満字須サキ７４９番５　


							",24.0
1017,20500,平成24年1月1日,"和歌山県東牟婁郡那智勝浦町大字宇久井字中芝１９３番２外　


							",24.0
1018,22400,平成24年1月1日,"和歌山県東牟婁郡太地町大字森浦字汐入５５１番３９　


							",25.0
1019,28800,平成24年1月1日,"和歌山県東牟婁郡太地町大字太地字丹甫３５６９番４　


							",25.0
1020,33900,平成24年1月1日,"和歌山県東牟婁郡串本町串本字沖之芝生２４５番１　


							",27.0
1021,21000,平成24年1月1日,"和歌山県東牟婁郡串本町西向字横畑９４６番外　


							",27.0
1022,56600,平成23年1月1日,"和歌山県和歌山市園部字下田出５９６番５４　


							",28.0
1023,48800,平成23年1月1日,"和歌山県和歌山市楠本字免イ田１番３２　


							",28.0
1024,86200,平成23年1月1日,"和歌山県和歌山市紀三井寺字中洲新畑７６８番２９　


							",28.0
1025,148000,平成23年1月1日,"和歌山県和歌山市芝ノ丁２１番　


							",28.0
1026,100000,平成23年1月1日,"和歌山県和歌山市鷹匠町４丁目１０番２　


							",28.0
1027,81000,平成23年1月1日,"和歌山県和歌山市和歌浦東１丁目５０９番３　


							",28.0
1028,39300,平成23年1月1日,"和歌山県和歌山市加太字南仲町１２９４番２　


							",28.0
1029,53400,平成23年1月1日,"和歌山県和歌山市榎原字鳥掛１３６番２７　


							",28.0
1030,68300,平成23年1月1日,"和歌山県和歌山市鳴神字坂戸２４８番７８　


							",28.0
1031,45900,平成23年1月1日,"和歌山県和歌山市小倉字中萱枠３６番１０７　


							",28.0
1032,43600,平成23年1月1日,"和歌山県和歌山市西庄字中浜１０３７番４２　


							",28.0
1033,60500,平成23年1月1日,"和歌山県和歌山市毛見字中地１０５８番２外　


							",28.0
1034,54800,平成23年1月1日,"和歌山県和歌山市西庄字清田２５０番６　


							",28.0
1035,40300,平成23年1月1日,"和歌山県和歌山市松江東２丁目１０７４番２　


							",28.0
1036,56700,平成23年1月1日,"和歌山県和歌山市向字高屋敷４５番１２　


							",28.0
1037,59200,平成23年1月1日,"和歌山県和歌山市有本字長丁２２１番４４　


							",28.0
1038,45800,平成23年1月1日,"和歌山県和歌山市木ノ本字宮ノ前７番５　


							",28.0
1039,59500,平成23年1月1日,"和歌山県和歌山市西浜字下川向ノ坪１２７１番２　


							",28.0
1040,59300,平成23年1月1日,"和歌山県和歌山市松江字向鵜ノ島１４９８番１０　


							",28.0
1041,125000,平成23年1月1日,"和歌山県和歌山市西長町２丁目３８番　


							",28.0
1042,82500,平成23年1月1日,"和歌山県和歌山市津秦字奥ノ畑５番１８　


							",28.0
1043,99000,平成23年1月1日,"和歌山県和歌山市中之島字貝柄１１９３番　


							",28.0
1044,62900,平成23年1月1日,"和歌山県和歌山市田尻字仁ノコ田３５番１４　


							",28.0
1045,66900,平成23年1月1日,"和歌山県和歌山市小雑賀字垣内７５番　


							",28.0
1046,83000,平成23年1月1日,"和歌山県和歌山市内原字下浜９３０番２２　


							",28.0
1047,54400,平成23年1月1日,"和歌山県和歌山市船所字新田２１５番３６　


							",28.0
1048,127000,平成23年1月1日,"和歌山県和歌山市太田字神ノ畔１５２番　


							",28.0
1049,53600,平成23年1月1日,"和歌山県和歌山市吉礼字池見５９６番２７　


							",28.0
1050,71800,平成23年1月1日,"和歌山県和歌山市西小二里１丁目６２０番１０　


							",28.0
1051,93800,平成23年1月1日,"和歌山県和歌山市砂山南２丁目１５番２　


							",28.0
1052,117000,平成23年1月1日,"和歌山県和歌山市堀止東２丁目５番２２　


							",28.0
1053,68100,平成23年1月1日,"和歌山県和歌山市新中島字上野覚８５番１４　


							",28.0
1054,63700,平成23年1月1日,"和歌山県和歌山市市小路字天王２０８番６　


							",28.0
1055,54400,平成23年1月1日,"和歌山県和歌山市湊１丁目６０２番　


							",28.0
1056,77900,平成23年1月1日,"和歌山県和歌山市鳴神字奥嶋７９７番６　


							",28.0
1057,82600,平成23年1月1日,"和歌山県和歌山市和歌浦南３丁目１６８１番１５　


							",28.0
1058,48400,平成23年1月1日,"和歌山県和歌山市弘西字前芝３５６番２０　


							",28.0
1059,57100,平成23年1月1日,"和歌山県和歌山市大谷字川田１７３番１６　


							",28.0
1060,110000,平成23年1月1日,"和歌山県和歌山市東高松４丁目２１６番５　


							",28.0
1061,51400,平成23年1月1日,"和歌山県和歌山市六十谷字西山田１０６４番３　


							",28.0
1062,65300,平成23年1月1日,"和歌山県海南市鳥居字西川添９０番　


							",12.0
1063,71100,平成23年1月1日,"和歌山県海南市船尾字中濱２１５番２３　


							",12.0
1064,30600,平成23年1月1日,"和歌山県海南市下津町方字北原４１１番　


							",12.0
1065,41400,平成23年1月1日,"和歌山県海南市重根字比瀬８８７番７　


							",12.0
1066,77000,平成23年1月1日,"和歌山県海南市名高字井引６８番５　


							",12.0
1067,54000,平成23年1月1日,"和歌山県海南市幡川字奥ノ谷３０７番３　


							",12.0
1068,37000,平成23年1月1日,"和歌山県海南市岡田字南山崎７７１番１　


							",12.0
1069,24900,平成23年1月1日,"和歌山県海南市溝ノ口字宮ノ前２６番６　


							",12.0
1070,51000,平成23年1月1日,"和歌山県海南市下津町小原字拝町１４６４番１２　


							",12.0
1071,66100,平成23年1月1日,"和歌山県有田市箕島字西平尾８０５番８　


							",0.0
1072,40900,平成23年1月1日,"和歌山県有田市初島町浜字北網干場１４５７番６　


							",0.0
1073,48700,平成23年1月1日,"和歌山県有田市宮崎町字宮ノ脇５１６番４　


							",0.0
1074,46900,平成23年1月1日,"和歌山県御坊市島字籠田１５１番６　


							",13.0
1075,30900,平成23年1月1日,"和歌山県御坊市湯川町富安字小谷２１９７番１４　


							",13.0
1076,44900,平成23年1月1日,"和歌山県御坊市湯川町小松原字中ノ坪１９８番１　


							",13.0
1077,59500,平成23年1月1日,"和歌山県新宮市磐盾１９３４番４　


							",14.0
1078,48500,平成23年1月1日,"和歌山県新宮市熊野地２丁目５５７２番１５　


							",14.0
1079,46600,平成23年1月1日,"和歌山県新宮市三輪崎２丁目８０７番５　


							",14.0
1080,51000,平成23年1月1日,"和歌山県有田郡湯浅町大字湯浅字馬出１９５８番１５　


							",15.0
1081,49500,平成23年1月1日,"和歌山県有田郡湯浅町大字湯浅字野田１４２８番１２　


							",15.0
1082,39700,平成23年1月1日,"和歌山県日高郡美浜町大字田井字釡井戸２８５番３　


							",18.0
1083,31000,平成23年1月1日,"和歌山県日高郡美浜町大字吉原字大松原１０９０番１８　


							",18.0
1084,33900,平成23年1月1日,"和歌山県日高郡由良町大字阿戸字木場坪１００１番１８　


							",19.0
1085,27200,平成23年1月1日,"和歌山県日高郡由良町大字里字野手８４５番４　


							",19.0
1086,46800,平成23年1月1日,"和歌山県日高郡みなべ町北道字西里中２５１番　


							",21.0
1087,45200,平成23年1月1日,"和歌山県日高郡みなべ町芝字芝添６７０番１　


							",21.0
1088,51600,平成23年1月1日,"和歌山県西牟婁郡白浜町字ダイ田奥１０８８番１０　


							",22.0
1089,36300,平成23年1月1日,"和歌山県西牟婁郡白浜町堅田字坂巻２７６０番４４　


							",22.0
1090,18900,平成23年1月1日,"和歌山県西牟婁郡白浜町日置字海蔵寺前１６７番１　


							",22.0
1091,27600,平成23年1月1日,"和歌山県西牟婁郡すさみ町周参見字中之町４２３２番　


							",23.0
1092,14300,平成23年1月1日,"和歌山県西牟婁郡すさみ町周参見字山本１８２４番１　


							",23.0
1093,36800,平成23年1月1日,"和歌山県東牟婁郡那智勝浦町大字天満字須サキ７４９番５　


							",24.0
1094,22600,平成23年1月1日,"和歌山県東牟婁郡那智勝浦町大字宇久井字中芝１９３番２外　


							",24.0
1095,24700,平成23年1月1日,"和歌山県東牟婁郡太地町大字森浦字汐入５５１番３９　


							",25.0
1096,31700,平成23年1月1日,"和歌山県東牟婁郡太地町大字太地字丹甫３５６９番４　


							",25.0
1097,38800,平成23年1月1日,"和歌山県東牟婁郡串本町串本字沖之芝生２４５番１　


							",27.0
1098,23100,平成23年1月1日,"和歌山県東牟婁郡串本町西向字横畑９４６番外　


							",27.0
1099,58900,平成22年1月1日,"和歌山県和歌山市園部字下田出５９６番５４　


							",28.0
1100,58000,平成22年1月1日,"和歌山県和歌山市園部字窪里１０４１番２　


							",28.0
1101,92100,平成22年1月1日,"和歌山県和歌山市紀三井寺字中洲新畑７６８番２９　


							",28.0
1102,152000,平成22年1月1日,"和歌山県和歌山市芝ノ丁２１番　


							",28.0
1103,103000,平成22年1月1日,"和歌山県和歌山市鷹匠町４丁目１０番２　


							",28.0
1104,83500,平成22年1月1日,"和歌山県和歌山市和歌浦東１丁目５０９番３　


							",28.0
1105,41000,平成22年1月1日,"和歌山県和歌山市加太字南仲町１２９４番２　


							",28.0
1106,56300,平成22年1月1日,"和歌山県和歌山市榎原字鳥掛１３６番２７　


							",28.0
1107,60200,平成22年1月1日,"和歌山県和歌山市栄谷字垣之上２５７番９　


							",28.0
1108,64900,平成22年1月1日,"和歌山県和歌山市六十谷字楠手１９５番３９　


							",28.0
1109,46300,平成22年1月1日,"和歌山県和歌山市西庄字中浜１０３７番４２　


							",28.0
1110,51200,平成22年1月1日,"和歌山県和歌山市園部字上前田１５３１番１８外　


							",28.0
1111,57100,平成22年1月1日,"和歌山県和歌山市西庄字清田２５０番６　


							",28.0
1112,42200,平成22年1月1日,"和歌山県和歌山市松江東２丁目１０７４番２　


							",28.0
1113,59300,平成22年1月1日,"和歌山県和歌山市向字高屋敷４５番１２　


							",28.0
1114,67600,平成22年1月1日,"和歌山県和歌山市土入字堤添２９１番２６　


							",28.0
1115,47700,平成22年1月1日,"和歌山県和歌山市木ノ本字宮ノ前７番５　


							",28.0
1116,74900,平成22年1月1日,"和歌山県和歌山市杭ノ瀬字北崎２５５番３４　


							",28.0
1117,61600,平成22年1月1日,"和歌山県和歌山市松江字向鵜ノ島１４９８番１０　


							",28.0
1118,131000,平成22年1月1日,"和歌山県和歌山市西長町２丁目３８番　


							",28.0
1119,85300,平成22年1月1日,"和歌山県和歌山市津秦字奥ノ畑５番１８　


							",28.0
1120,103000,平成22年1月1日,"和歌山県和歌山市中之島字貝柄１１９３番　


							",28.0
1121,67100,平成22年1月1日,"和歌山県和歌山市田尻字仁ノコ田３５番１４　


							",28.0
1122,47900,平成22年1月1日,"和歌山県和歌山市西庄字南西岡９９３番５　


							",28.0
1123,86600,平成22年1月1日,"和歌山県和歌山市内原字下浜９３０番２２　


							",28.0
1124,56600,平成22年1月1日,"和歌山県和歌山市船所字新田２１５番３６　


							",28.0
1125,130000,平成22年1月1日,"和歌山県和歌山市太田字神ノ畔１５２番　


							",28.0
1126,58000,平成22年1月1日,"和歌山県和歌山市吉礼字池見５９６番２７　


							",28.0
1127,75200,平成22年1月1日,"和歌山県和歌山市西小二里１丁目６２０番１０　


							",28.0
1128,62900,平成22年1月1日,"和歌山県和歌山市島橋東ノ丁１８２番６３　


							",28.0
1129,83300,平成22年1月1日,"和歌山県和歌山市西浜字中新堤内ノ坪９４２番６　


							",28.0
1130,72900,平成22年1月1日,"和歌山県和歌山市新中島字上野覚８５番１４　


							",28.0
1131,94700,平成22年1月1日,"和歌山県和歌山市今福２丁目２４番２９　


							",28.0
1132,56200,平成22年1月1日,"和歌山県和歌山市湊１丁目６０２番　


							",28.0
1133,80500,平成22年1月1日,"和歌山県和歌山市鳴神字奥嶋７９７番６　


							",28.0
1134,82400,平成22年1月1日,"和歌山県和歌山市紀三井寺字向谷川３５３番１５　


							",28.0
1135,50900,平成22年1月1日,"和歌山県和歌山市弘西字前芝３５６番２０　


							",28.0
1136,59600,平成22年1月1日,"和歌山県和歌山市大谷字川田１７３番１６　


							",28.0
1137,112000,平成22年1月1日,"和歌山県和歌山市東高松４丁目２１６番５　


							",28.0
1138,53000,平成22年1月1日,"和歌山県和歌山市六十谷字西山田１０６４番３　


							",28.0
1139,48400,平成22年1月1日,"和歌山県和歌山市小倉字中萱枠３６番１０７　


							",28.0
1140,51300,平成22年1月1日,"和歌山県和歌山市楠本字免イ田１番３２　


							",28.0
1141,71900,平成22年1月1日,"和歌山県和歌山市鳴神字坂戸２４８番７８　


							",28.0
1142,63800,平成22年1月1日,"和歌山県和歌山市毛見字中地１０５８番２外　


							",28.0
1143,63200,平成22年1月1日,"和歌山県和歌山市有本字長丁２２１番４４　


							",28.0
1144,62600,平成22年1月1日,"和歌山県和歌山市西浜字下川向ノ坪１２７１番２　


							",28.0
1145,58300,平成22年1月1日,"和歌山県和歌山市船所字久保古８１番３４　


							",28.0
1146,71000,平成22年1月1日,"和歌山県和歌山市小雑賀字垣内７５番　


							",28.0
1147,98300,平成22年1月1日,"和歌山県和歌山市砂山南２丁目１５番２　


							",28.0
1148,121000,平成22年1月1日,"和歌山県和歌山市堀止東２丁目５番２２　


							",28.0
1149,66300,平成22年1月1日,"和歌山県和歌山市市小路字天王２０８番６　


							",28.0
1150,86500,平成22年1月1日,"和歌山県和歌山市和歌浦南３丁目１６８１番１５　


							",28.0
1151,68300,平成22年1月1日,"和歌山県海南市鳥居字西川添９０番　


							",12.0
1152,73600,平成22年1月1日,"和歌山県海南市船尾字中濱２１５番２３　


							",12.0
1153,32500,平成22年1月1日,"和歌山県海南市下津町方字北原４１１番　


							",12.0
1154,44300,平成22年1月1日,"和歌山県海南市重根字比瀬８８７番７　


							",12.0
1155,80000,平成22年1月1日,"和歌山県海南市名高字井引６８番５　


							",12.0
1156,57400,平成22年1月1日,"和歌山県海南市幡川字奥ノ谷３０７番３　


							",12.0
1157,39000,平成22年1月1日,"和歌山県海南市岡田字南山崎７７１番１　


							",12.0
1158,25700,平成22年1月1日,"和歌山県海南市溝ノ口字宮ノ前２６番６　


							",12.0
1159,52700,平成22年1月1日,"和歌山県海南市下津町小原字拝町１４６４番１２　


							",12.0
1160,70000,平成22年1月1日,"和歌山県有田市箕島字西平尾８０５番８　


							",0.0
1161,43500,平成22年1月1日,"和歌山県有田市初島町浜字北網干場１４５７番６　


							",0.0
1162,51100,平成22年1月1日,"和歌山県有田市宮崎町字宮ノ脇５１６番４　


							",0.0
1163,50600,平成22年1月1日,"和歌山県御坊市島字籠田１５１番６　


							",13.0
1164,33500,平成22年1月1日,"和歌山県御坊市湯川町富安字小谷２１９７番１４　


							",13.0
1165,48500,平成22年1月1日,"和歌山県御坊市湯川町小松原字中ノ坪１９８番１　


							",13.0
1166,61600,平成22年1月1日,"和歌山県新宮市磐盾１９３４番４　


							",14.0
1167,52000,平成22年1月1日,"和歌山県新宮市熊野地２丁目５５７２番１５　


							",14.0
1168,48500,平成22年1月1日,"和歌山県新宮市三輪崎２丁目８０７番５　


							",14.0
1169,56900,平成22年1月1日,"和歌山県有田郡湯浅町大字湯浅字馬出１９５８番１５　


							",15.0
1170,54900,平成22年1月1日,"和歌山県有田郡湯浅町大字湯浅字野田１４２８番１２　


							",15.0
1171,42100,平成22年1月1日,"和歌山県日高郡美浜町大字田井字釡井戸２８５番３　


							",18.0
1172,32600,平成22年1月1日,"和歌山県日高郡美浜町大字吉原字大松原１０９０番１８　


							",18.0
1173,35600,平成22年1月1日,"和歌山県日高郡由良町大字阿戸字木場坪１００１番１８　


							",19.0
1174,28600,平成22年1月1日,"和歌山県日高郡由良町大字里字野手８４５番４　


							",19.0
1175,49400,平成22年1月1日,"和歌山県日高郡みなべ町北道字西里中２５１番　


							",21.0
1176,47400,平成22年1月1日,"和歌山県日高郡みなべ町芝字芝添６７０番１　


							",21.0
1177,54800,平成22年1月1日,"和歌山県西牟婁郡白浜町字ダイ田奥１０８８番１０　


							",22.0
1178,37900,平成22年1月1日,"和歌山県西牟婁郡白浜町堅田字坂巻２７６０番４４　


							",22.0
1179,19300,平成22年1月1日,"和歌山県西牟婁郡白浜町日置字海蔵寺前１６７番１　


							",22.0
1180,28500,平成22年1月1日,"和歌山県西牟婁郡すさみ町周参見字中之町４２３２番　


							",23.0
1181,14900,平成22年1月1日,"和歌山県西牟婁郡すさみ町周参見字山本１８２４番１　


							",23.0
1182,39600,平成22年1月1日,"和歌山県東牟婁郡那智勝浦町大字天満字須サキ７４９番５　


							",24.0
1183,24600,平成22年1月1日,"和歌山県東牟婁郡那智勝浦町大字宇久井字中芝１９３番２外　


							",24.0
1184,26500,平成22年1月1日,"和歌山県東牟婁郡太地町大字森浦字汐入５５１番３９　


							",25.0
1185,34200,平成22年1月1日,"和歌山県東牟婁郡太地町大字太地字丹甫３５６９番４　


							",25.0
1186,41800,平成22年1月1日,"和歌山県東牟婁郡串本町串本字沖之芝生２４５番１　


							",27.0
1187,24800,平成22年1月1日,"和歌山県東牟婁郡串本町西向字横畑９４６番外　


							",27.0
1188,61100,平成21年1月1日,"和歌山県和歌山市園部字下田出５９６番５４　


							",28.0
1189,60000,平成21年1月1日,"和歌山県和歌山市園部字窪里１０４１番２　


							",28.0
1190,98000,平成21年1月1日,"和歌山県和歌山市紀三井寺字中洲新畑７６８番２９　


							",28.0
1191,154000,平成21年1月1日,"和歌山県和歌山市小松原通３丁目８４番１外　


							",28.0
1192,106000,平成21年1月1日,"和歌山県和歌山市鷹匠町４丁目１０番２　


							",28.0
1193,85800,平成21年1月1日,"和歌山県和歌山市和歌浦東１丁目５０９番３　


							",28.0
1194,42500,平成21年1月1日,"和歌山県和歌山市加太字南仲町１２９４番２　


							",28.0
1195,58500,平成21年1月1日,"和歌山県和歌山市榎原字鳥掛１３６番２７　


							",28.0
1196,62900,平成21年1月1日,"和歌山県和歌山市栄谷字垣之上２５７番９　


							",28.0
1197,67500,平成21年1月1日,"和歌山県和歌山市六十谷字楠手１９５番３９　


							",28.0
1198,49500,平成21年1月1日,"和歌山県和歌山市西庄字中浜１０３７番４２　


							",28.0
1199,53500,平成21年1月1日,"和歌山県和歌山市園部字上前田１５３１番１８外　


							",28.0
1200,59200,平成21年1月1日,"和歌山県和歌山市西庄字清田２５０番６　


							",28.0
1201,44100,平成21年1月1日,"和歌山県和歌山市松江東２丁目１０７４番２　


							",28.0
1202,61500,平成21年1月1日,"和歌山県和歌山市向字高屋敷４５番１２　


							",28.0
1203,69800,平成21年1月1日,"和歌山県和歌山市土入字堤添２９１番２６　


							",28.0
1204,49700,平成21年1月1日,"和歌山県和歌山市木ノ本字宮ノ前７番５　


							",28.0
1205,78700,平成21年1月1日,"和歌山県和歌山市杭ノ瀬字北崎２５５番３４　


							",28.0
1206,63800,平成21年1月1日,"和歌山県和歌山市松江字向鵜ノ島１４９８番１０　


							",28.0
1207,132000,平成21年1月1日,"和歌山県和歌山市西長町２丁目３８番　


							",28.0
1208,88500,平成21年1月1日,"和歌山県和歌山市津秦字奥ノ畑５番１８　


							",28.0
1209,107000,平成21年1月1日,"和歌山県和歌山市中之島字貝柄１１９３番　


							",28.0
1210,71500,平成21年1月1日,"和歌山県和歌山市田尻字仁ノコ田３５番１４　


							",28.0
1211,49700,平成21年1月1日,"和歌山県和歌山市西庄字南西岡９９３番５　


							",28.0
1212,90200,平成21年1月1日,"和歌山県和歌山市内原字下浜９３０番２２　


							",28.0
1213,58500,平成21年1月1日,"和歌山県和歌山市船所字新田２１５番３６　


							",28.0
1214,133000,平成21年1月1日,"和歌山県和歌山市太田字神ノ畔１５２番　


							",28.0
1215,62000,平成21年1月1日,"和歌山県和歌山市吉礼字池見５９６番２７　


							",28.0
1216,78400,平成21年1月1日,"和歌山県和歌山市西小二里１丁目６２０番１０　


							",28.0
1217,64900,平成21年1月1日,"和歌山県和歌山市島橋東ノ丁１８２番６３　


							",28.0
1218,87100,平成21年1月1日,"和歌山県和歌山市西浜字中新堤内ノ坪９４２番６　


							",28.0
1219,78000,平成21年1月1日,"和歌山県和歌山市新中島字上野覚８５番１４　


							",28.0
1220,97900,平成21年1月1日,"和歌山県和歌山市今福２丁目２４番２９　


							",28.0
1221,58000,平成21年1月1日,"和歌山県和歌山市湊１丁目６０２番　


							",28.0
1222,83000,平成21年1月1日,"和歌山県和歌山市鳴神字奥嶋７９７番６　


							",28.0
1223,86800,平成21年1月1日,"和歌山県和歌山市紀三井寺字向谷川３５３番１５　


							",28.0
1224,53500,平成21年1月1日,"和歌山県和歌山市弘西字前芝３５６番２０　


							",28.0
1225,62000,平成21年1月1日,"和歌山県和歌山市大谷字川田１７３番１６　


							",28.0
1226,114000,平成21年1月1日,"和歌山県和歌山市東高松４丁目２１６番５　


							",28.0
1227,54700,平成21年1月1日,"和歌山県和歌山市六十谷字西山田１０６４番３　


							",28.0
1228,51000,平成21年1月1日,"和歌山県和歌山市小倉字中萱枠３６番１０７　


							",28.0
1229,54000,平成21年1月1日,"和歌山県和歌山市楠本字免イ田１番３２　


							",28.0
1230,76000,平成21年1月1日,"和歌山県和歌山市鳴神字坂戸２４８番７８　


							",28.0
1231,67500,平成21年1月1日,"和歌山県和歌山市毛見字中地１０５８番２外　


							",28.0
1232,67300,平成21年1月1日,"和歌山県和歌山市有本字長丁２２１番４４　


							",28.0
1233,65900,平成21年1月1日,"和歌山県和歌山市西浜字下川向ノ坪１２７１番２　


							",28.0
1234,61200,平成21年1月1日,"和歌山県和歌山市船所字久保古８１番３４　


							",28.0
1235,75300,平成21年1月1日,"和歌山県和歌山市小雑賀字垣内７５番　


							",28.0
1236,104000,平成21年1月1日,"和歌山県和歌山市砂山南２丁目１５番２　


							",28.0
1237,125000,平成21年1月1日,"和歌山県和歌山市堀止東２丁目５番２２　


							",28.0
1238,68500,平成21年1月1日,"和歌山県和歌山市市小路字天王２０８番６　


							",28.0
1239,90600,平成21年1月1日,"和歌山県和歌山市和歌浦南３丁目１６８１番１５　


							",28.0
1240,71700,平成21年1月1日,"和歌山県海南市鳥居字西川添９０番　


							",12.0
1241,75800,平成21年1月1日,"和歌山県海南市船尾字中濱２１５番２３　


							",12.0
1242,34400,平成21年1月1日,"和歌山県海南市下津町方字北原４１１番　


							",12.0
1243,47000,平成21年1月1日,"和歌山県海南市重根字比瀬８８７番７　


							",12.0
1244,83000,平成21年1月1日,"和歌山県海南市名高字井引６８番５　


							",12.0
1245,60700,平成21年1月1日,"和歌山県海南市幡川字奥ノ谷３０７番３　


							",12.0
1246,41100,平成21年1月1日,"和歌山県海南市岡田字南山崎７７１番１　


							",12.0
1247,26600,平成21年1月1日,"和歌山県海南市溝ノ口字神田３２４番１　


							",12.0
1248,54800,平成21年1月1日,"和歌山県海南市下津町小原字拝町１４６４番１２　


							",12.0
1249,72900,平成21年1月1日,"和歌山県有田市箕島字西平尾８０５番８　


							",0.0
1250,45400,平成21年1月1日,"和歌山県有田市初島町浜字北網干場１４５７番６　


							",0.0
1251,53200,平成21年1月1日,"和歌山県有田市宮崎町字宮ノ脇５１６番４　


							",0.0
1252,54400,平成21年1月1日,"和歌山県御坊市島字籠田１５１番６　


							",13.0
1253,36200,平成21年1月1日,"和歌山県御坊市湯川町富安字小谷２１９７番１４　


							",13.0
1254,52200,平成21年1月1日,"和歌山県御坊市湯川町小松原字中ノ坪１９８番１　


							",13.0
1255,64300,平成21年1月1日,"和歌山県新宮市磐盾１９３４番４　


							",14.0
1256,54200,平成21年1月1日,"和歌山県新宮市熊野地２丁目５５７２番１５　


							",14.0
1257,50500,平成21年1月1日,"和歌山県新宮市三輪崎２丁目８０７番５　


							",14.0
1258,59900,平成21年1月1日,"和歌山県有田郡湯浅町大字湯浅字馬出１９５８番１５　


							",15.0
1259,57700,平成21年1月1日,"和歌山県有田郡湯浅町大字湯浅字野田１４２８番１２　


							",15.0
1260,44100,平成21年1月1日,"和歌山県日高郡美浜町大字田井字釡井戸２８５番３　


							",18.0
1261,34500,平成21年1月1日,"和歌山県日高郡美浜町大字吉原字大松原１０９０番１８　


							",18.0
1262,36800,平成21年1月1日,"和歌山県日高郡由良町大字阿戸字木場坪１００１番１８　


							",19.0
1263,29600,平成21年1月1日,"和歌山県日高郡由良町大字里字野手８４５番４　


							",19.0
1264,51900,平成21年1月1日,"和歌山県日高郡みなべ町北道字西里中２５１番　


							",21.0
1265,49500,平成21年1月1日,"和歌山県日高郡みなべ町芝字芝添６７０番１　


							",21.0
1266,58000,平成21年1月1日,"和歌山県西牟婁郡白浜町字ダイ田奥１０８８番１０　


							",22.0
1267,39600,平成21年1月1日,"和歌山県西牟婁郡白浜町堅田字坂巻２７６０番４４　


							",22.0
1268,19700,平成21年1月1日,"和歌山県西牟婁郡白浜町日置字海蔵寺前１６７番１　


							",22.0
1269,29300,平成21年1月1日,"和歌山県西牟婁郡すさみ町周参見字中之町４２３２番　


							",23.0
1270,15500,平成21年1月1日,"和歌山県西牟婁郡すさみ町周参見字山本１８２４番１　


							",23.0
1271,41500,平成21年1月1日,"和歌山県東牟婁郡那智勝浦町大字天満字須サキ７４９番５　


							",24.0
1272,25600,平成21年1月1日,"和歌山県東牟婁郡那智勝浦町大字宇久井字中芝１９３番２外　


							",24.0
1273,28000,平成21年1月1日,"和歌山県東牟婁郡太地町大字森浦字汐入５５１番３９　


							",25.0
1274,36200,平成21年1月1日,"和歌山県東牟婁郡太地町大字太地字丹甫３５６９番４　


							",25.0
1275,44900,平成21年1月1日,"和歌山県東牟婁郡串本町串本字沖之芝生２４５番１　


							",27.0
1276,26400,平成21年1月1日,"和歌山県東牟婁郡串本町西向字横畑９４６番外　


							",27.0
1277,63000,平成20年1月1日,"和歌山県和歌山市園部字下田出５９６番５４　


							",28.0
1278,61900,平成20年1月1日,"和歌山県和歌山市園部字窪里１０４１番２　


							",28.0
1279,104000,平成20年1月1日,"和歌山県和歌山市紀三井寺字中洲新畑７６８番２９　


							",28.0
1280,155000,平成20年1月1日,"和歌山県和歌山市小松原通３丁目８４番１外　


							",28.0
1281,108000,平成20年1月1日,"和歌山県和歌山市鷹匠町４丁目１０番２　


							",28.0
1282,88500,平成20年1月1日,"和歌山県和歌山市和歌浦東１丁目５０９番３　


							",28.0
1283,44000,平成20年1月1日,"和歌山県和歌山市加太字南仲町１２９４番２　


							",28.0
1284,60000,平成20年1月1日,"和歌山県和歌山市榎原字鳥掛１３６番２７　


							",28.0
1285,64300,平成20年1月1日,"和歌山県和歌山市栄谷字垣之上２５７番９　


							",28.0
1286,68900,平成20年1月1日,"和歌山県和歌山市六十谷字楠手１９５番３９　


							",28.0
1287,52000,平成20年1月1日,"和歌山県和歌山市西庄字中浜１０３７番４２　


							",28.0
1288,54800,平成20年1月1日,"和歌山県和歌山市園部字上前田１５３１番１８外　


							",28.0
1289,61000,平成20年1月1日,"和歌山県和歌山市西庄字清田２５０番６　


							",28.0
1290,45900,平成20年1月1日,"和歌山県和歌山市松江東２丁目１０７４番２　


							",28.0
1291,72100,平成20年1月1日,"和歌山県和歌山市次郎丸字塩ノ口６５番１４　


							",28.0
1292,71300,平成20年1月1日,"和歌山県和歌山市土入字堤添２９１番２６　


							",28.0
1293,51300,平成20年1月1日,"和歌山県和歌山市木ノ本字宮ノ前７番５　


							",28.0
1294,81800,平成20年1月1日,"和歌山県和歌山市杭ノ瀬字北崎２５５番３４　


							",28.0
1295,65500,平成20年1月1日,"和歌山県和歌山市松江字向鵜ノ島１４９８番１０　


							",28.0
1296,135000,平成20年1月1日,"和歌山県和歌山市西長町２丁目３８番　


							",28.0
1297,91100,平成20年1月1日,"和歌山県和歌山市津秦字奥ノ畑５番１８　


							",28.0
1298,110000,平成20年1月1日,"和歌山県和歌山市中之島字貝柄１１９３番　


							",28.0
1299,75300,平成20年1月1日,"和歌山県和歌山市田尻字仁ノコ田３５番１４　


							",28.0
1300,51000,平成20年1月1日,"和歌山県和歌山市西庄字南西岡９９３番５　


							",28.0
1301,92800,平成20年1月1日,"和歌山県和歌山市内原字下浜９３０番２２　


							",28.0
1302,60000,平成20年1月1日,"和歌山県和歌山市船所字新田２１５番３６　


							",28.0
1303,135000,平成20年1月1日,"和歌山県和歌山市太田字神ノ畔１５２番　


							",28.0
1304,65800,平成20年1月1日,"和歌山県和歌山市吉礼字池見５９６番２７　


							",28.0
1305,81600,平成20年1月1日,"和歌山県和歌山市西小二里１丁目６２０番１０　


							",28.0
1306,66400,平成20年1月1日,"和歌山県和歌山市島橋東ノ丁１８２番６３　


							",28.0
1307,90900,平成20年1月1日,"和歌山県和歌山市西浜字中新堤内ノ坪９４２番６　


							",28.0
1308,82500,平成20年1月1日,"和歌山県和歌山市新中島字上野覚８５番１４　


							",28.0
1309,99900,平成20年1月1日,"和歌山県和歌山市今福２丁目２４番２９　


							",28.0
1310,59500,平成20年1月1日,"和歌山県和歌山市湊１丁目６０２番　


							",28.0
1311,83700,平成20年1月1日,"和歌山県和歌山市鳴神字奥嶋７９７番６　


							",28.0
1312,91400,平成20年1月1日,"和歌山県和歌山市紀三井寺字向谷川３５３番１５　


							",28.0
1313,55900,平成20年1月1日,"和歌山県和歌山市弘西字前芝３５６番２０　


							",28.0
1314,64000,平成20年1月1日,"和歌山県和歌山市大谷字川田１７３番１６　


							",28.0
1315,115000,平成20年1月1日,"和歌山県和歌山市東高松４丁目２１６番６　


							",28.0
1316,56000,平成20年1月1日,"和歌山県和歌山市六十谷字西山田１０６４番３　


							",28.0
1317,53100,平成20年1月1日,"和歌山県和歌山市小倉字中萱枠３６番１０７　


							",28.0
1318,57000,平成20年1月1日,"和歌山県和歌山市楠本字免イ田１番３２　


							",28.0
1319,80000,平成20年1月1日,"和歌山県和歌山市鳴神字坂戸２４８番７８　


							",28.0
1320,53000,平成20年1月1日,"和歌山県和歌山市府中字東畑１０１１番１０８　


							",28.0
1321,71600,平成20年1月1日,"和歌山県和歌山市有本字長丁２２１番４４　


							",28.0
1322,69400,平成20年1月1日,"和歌山県和歌山市西浜字下川向ノ坪１２７１番２　


							",28.0
1323,63000,平成20年1月1日,"和歌山県和歌山市船所字久保古８１番３４　


							",28.0
1324,80100,平成20年1月1日,"和歌山県和歌山市小雑賀字垣内７５番　


							",28.0
1325,110000,平成20年1月1日,"和歌山県和歌山市砂山南２丁目１５番２　


							",28.0
1326,126000,平成20年1月1日,"和歌山県和歌山市堀止東２丁目５番２２　


							",28.0
1327,70500,平成20年1月1日,"和歌山県和歌山市市小路字天王２０８番６　


							",28.0
1328,71100,平成20年1月1日,"和歌山県和歌山市毛見字中地１０５８番２外　


							",28.0
1329,97000,平成20年1月1日,"和歌山県和歌山市西浜３丁目４１０番１０　


							",28.0
1330,94100,平成20年1月1日,"和歌山県和歌山市和歌浦南３丁目１６８１番１５　


							",28.0
1331,41000,平成20年1月1日,"和歌山県和歌山市本脇字堂ノ上６３８番３２　


							",28.0
1332,74100,平成20年1月1日,"和歌山県海南市鳥居字西川添９０番　


							",12.0
1333,78600,平成20年1月1日,"和歌山県海南市船尾字中濱２１５番２３　


							",12.0
1334,35900,平成20年1月1日,"和歌山県海南市下津町方字北原４１１番　


							",12.0
1335,49700,平成20年1月1日,"和歌山県海南市重根字比瀬８８７番７　


							",12.0
1336,85600,平成20年1月1日,"和歌山県海南市名高字井引６８番５　


							",12.0
1337,64000,平成20年1月1日,"和歌山県海南市幡川字奥ノ谷３０７番３　


							",12.0
1338,42800,平成20年1月1日,"和歌山県海南市岡田字南山崎７７１番１外　


							",12.0
1339,27600,平成20年1月1日,"和歌山県海南市溝ノ口字神田３２４番１　


							",12.0
1340,57500,平成20年1月1日,"和歌山県海南市下津町小原字拝町１４６４番１２　


							",12.0
1341,75000,平成20年1月1日,"和歌山県有田市箕島字西平尾８０５番８　


							",0.0
1342,47200,平成20年1月1日,"和歌山県有田市初島町浜字北網干場１４５７番６　


							",0.0
1343,55000,平成20年1月1日,"和歌山県有田市宮崎町字宮ノ脇５１６番４　


							",0.0
1344,56700,平成20年1月1日,"和歌山県御坊市島字籠田１５１番６　


							",13.0
1345,37700,平成20年1月1日,"和歌山県御坊市湯川町富安字小谷２１９７番１４　


							",13.0
1346,54200,平成20年1月1日,"和歌山県御坊市湯川町小松原字西ノ坪３１４番　


							",13.0
1347,66600,平成20年1月1日,"和歌山県新宮市磐盾１９３４番４　


							",14.0
1348,56100,平成20年1月1日,"和歌山県新宮市熊野地２丁目５５７２番１５　


							",14.0
1349,52000,平成20年1月1日,"和歌山県新宮市三輪崎２丁目８０７番５　


							",14.0
1350,61500,平成20年1月1日,"和歌山県有田郡湯浅町大字湯浅字馬出１９５８番１５　


							",15.0
1351,59400,平成20年1月1日,"和歌山県有田郡湯浅町大字湯浅字野田１４２８番１２　


							",15.0
1352,45800,平成20年1月1日,"和歌山県日高郡美浜町大字田井字釜井戸２８５番３　


							",18.0
1353,35900,平成20年1月1日,"和歌山県日高郡美浜町大字吉原字大松原１０９０番１８　


							",18.0
1354,38000,平成20年1月1日,"和歌山県日高郡由良町大字阿戸字木場坪１００１番１８　


							",19.0
1355,30600,平成20年1月1日,"和歌山県日高郡由良町大字里字野手８４５番４　


							",19.0
1356,54100,平成20年1月1日,"和歌山県日高郡みなべ町北道字西里中２５１番　


							",21.0
1357,51500,平成20年1月1日,"和歌山県日高郡みなべ町芝字芝添６７０番１　


							",21.0
1358,61100,平成20年1月1日,"和歌山県西牟婁郡白浜町字ダイ田奥１０８８番１０　


							",22.0
1359,41300,平成20年1月1日,"和歌山県西牟婁郡白浜町堅田字坂巻２７６０番４４　


							",22.0
1360,19900,平成20年1月1日,"和歌山県西牟婁郡白浜町日置字海蔵寺前１６７番１　


							",22.0
1361,30000,平成20年1月1日,"和歌山県西牟婁郡すさみ町周参見字中之町４２３２番　


							",23.0
1362,15900,平成20年1月1日,"和歌山県西牟婁郡すさみ町周参見字山本１８２４番１　


							",23.0
1363,43300,平成20年1月1日,"和歌山県東牟婁郡那智勝浦町大字天満字須サキ７４９番５　


							",24.0
1364,26500,平成20年1月1日,"和歌山県東牟婁郡那智勝浦町大字宇久井字中芝１９３番２外　


							",24.0
1365,28900,平成20年1月1日,"和歌山県東牟婁郡太地町大字森浦字汐入５５１番３９　


							",25.0
1366,38200,平成20年1月1日,"和歌山県東牟婁郡太地町大字太地字丹甫３５６９番４　


							",25.0
1367,47300,平成20年1月1日,"和歌山県東牟婁郡串本町串本字沖之芝生２４５番１　


							",27.0
1368,24200,平成20年1月1日,"和歌山県東牟婁郡串本町二色字本郷４０７番　


							",27.0
1369,27700,平成20年1月1日,"和歌山県東牟婁郡串本町西向字横畑９４６番外　


							",27.0
